title,type,location,bedrooms,bathrooms,price_qar,area_sqm,district,city,segment,type_encoded,cluster
Modern 3 BHK APT | Fully Furnished | In Al Mansura,Apartment,"Al Mansoura, Al Mansoura, Doha",3.0,3.0,7000,200.0,Al Mansoura,Doha,Budget,0,0
Bills Included | Luxury 1 Bedroom | No Commission,Apartment,"Lusail Residence, Marina District, Lusail",1.0,2.0,7569,86.0,Marina District,Lusail,Budget,0,0
LUXURY 2BR | MARINA VIEW | PORTO ARABIA | For Rent,Apartment,"East Porto Drive, Porto Arabia, The Pearl Island, Doha",2.0,3.0,10000,175.0,The Pearl Island,Doha,Budget,0,0
LUSAIL NEW 1BHK FURNISHED SHORT TERM RENT NO FEE,Apartment,"Al Erkyah City, Lusail",1.0,2.0,5500,60.0,Al Erkyah City,Lusail,Budget,0,0
"LUSAIL 1BHK SHORT TERM OPTION BILLS INCL, POOL GYM",Apartment,"Al Erkyah City, Lusail",1.0,2.0,5500,60.0,Al Erkyah City,Lusail,Budget,0,0
Elegant 3 BR | Full Sea View | Don’t Miss Out,Apartment,"Tower 29, Viva Bahriyah, The Pearl Island, Doha",3.0,4.0,14000,190.0,The Pearl Island,Doha,Luxury,0,1
LUSAIL 1BHK POOL GYM SHORT OR YEARLY RENT DEAL,Apartment,"Al Erkyah City, Lusail",1.0,2.0,5500,60.0,Al Erkyah City,Lusail,Budget,0,0
FULLY FURNISHED | 1 BEDROOM | BILLS INCLUDED,Apartment,"West Porto Drive, Porto Arabia, The Pearl Island, Doha",1.0,2.0,7620,90.0,The Pearl Island,Doha,Budget,0,0
SHORT TERM 1BHK LUSAIL POOL GYM BILLS INCLUDED,Apartment,"Al Erkyah City, Lusail",1.0,2.0,5500,60.0,Al Erkyah City,Lusail,Budget,0,0
Offer!!! 1 Br | SF | Closed Balcony | Low Floor,Apartment,"Viva East, Viva Bahriyah, The Pearl Island, Doha",1.0,2.0,6000,90.0,The Pearl Island,Doha,Budget,0,0
BRAND NEW | SPACIOUS | 2 BEDROOMS | FF | MARINA,Apartment,"Lusail Residence, Marina District, Lusail",2.0,3.0,10000,150.0,Marina District,Lusail,Budget,0,0
Picturesque 1 Bedroom | Modern Living | Great Deal,Apartment,"Crystal Residence, Gewan Island, The Pearl Island, Doha",1.0,2.0,9000,90.0,The Pearl Island,Doha,Budget,0,0
LUXURY 1BHK DOHA JADEEDA POOL GYM BILLS INCL,Apartment,"Banks street, Musheireb, Doha",1.0,2.0,4700,60.0,Musheireb,Doha,Budget,0,0
POOL GYM BILLS INCL FURNISHED 1BHK NO COMMISSION,Apartment,"Banks street, Musheireb, Doha",1.0,2.0,4700,60.0,Musheireb,Doha,Budget,0,0
HOT DEAL | 2 BEDROOMS | FULLY FURNISHED | MARINA,Apartment,"Lusail Residence, Marina District, Lusail",2.0,3.0,10000,150.0,Marina District,Lusail,Budget,0,0
STYLISH APARTMENT | 2 BEDROOMS | FULLY FURNISHED,Apartment,"West Bay Tower, West Bay, West Bay, Doha",2.0,3.0,8500,150.0,West Bay,Doha,Budget,0,0
FURNISHED 1BHK DOHA JADEEDA POOL GYM BILLS INCL,Apartment,"Banks street, Musheireb, Doha",1.0,2.0,4700,60.0,Musheireb,Doha,Budget,0,0
MODERN | 2 BEDROOMS | FULLY FURNISHED,Apartment,"West Bay Tower, West Bay, West Bay, Doha",2.0,3.0,8500,150.0,West Bay,Doha,Budget,0,0
2 BEDROOMS | NEWLY RENNOVATED | FULLY FURNISHED,Apartment,"West Bay Tower, West Bay, West Bay, Doha",2.0,3.0,8500,150.0,West Bay,Doha,Budget,0,0
PREMIUM 3BRS | FULLY FURNISHED | MOVE IN READY,Apartment,"Lusail Residence, Marina District, Lusail",3.0,4.0,15000,191.0,Marina District,Lusail,Luxury,0,1
NEWLY RENNOVATED | 2 BEDROOMS | FULLY FURNISHED,Apartment,"West Bay Tower, West Bay, West Bay, Doha",2.0,3.0,8500,150.0,West Bay,Doha,Budget,0,0
FURNISHED 2BHK | AL MANSOURA | NO COMMISSION,Apartment,"Al Mansoura, Al Mansoura, Doha",2.0,2.0,5250,60.0,Al Mansoura,Doha,Budget,0,0
NO COMMISSION FURNISHED 2BHK AL MANSOURA MEERA,Apartment,"Al Mansoura, Al Mansoura, Doha",2.0,2.0,5250,60.0,Al Mansoura,Doha,Budget,0,0
FURNISHED 2BHK AL MANSOURA NEAR AL MEERA NO FEE,Apartment,"Al Mansoura, Al Mansoura, Doha",2.0,2.0,5250,60.0,Al Mansoura,Doha,Budget,0,0
Renovated Luxurious Two Bedroom Apt in Zig Zag,Apartment,"Zig Zag Tower A, Zig Zag Towers, West Bay, Doha",2.0,2.0,6500,100.0,West Bay,Doha,Budget,0,0
Spacious UF 3 BR with Balcony at Prime Location,Apartment,"Musheireb Apartments, Musheireb, Doha",3.0,3.0,6500,160.0,Musheireb,Doha,Budget,0,0
Bills Included | High-Quality Finishes | Sea View,Apartment,"Crystal Residence, Gewan Island, The Pearl Island, Doha",2.0,4.0,15000,160.0,The Pearl Island,Doha,Budget,0,0
Best Value 3BR FF | Ideal for Families | Najma,Apartment,"Najma 28, Ibn Dirhem Street, Najma, Doha",3.0,2.0,6500,150.0,Najma,Doha,Budget,0,0
Spacious 5-Bedroom Furnished Villa + Maid Room,Villa,"Abraj Bay, Abraj Quartiers, The Pearl Island, Doha",5.0,6.0,41000,651.0,The Pearl Island,Doha,Luxury,1,1
Spacious FF 2 Bedroom Apartment  | Lusail City,Apartment,"Seef Waterfront, Lusail City, Lusail",2.0,2.0,9500,160.0,Lusail City,Lusail,Budget,0,0
Furnished 2 Bedroom Apt I Seaview I Bills Included,Apartment,"Floresta Gardens, Floresta Gardens, The Pearl Island, Doha",2.0,3.0,13500,130.0,The Pearl Island,Doha,Budget,0,0
2 MONTHS & BILLS FREE| BEACHFRONT & PRIVATE POOL,Villa,"Abraj Bay, Abraj Quartiers, The Pearl Island, Doha",5.0,6.0,41000,300.0,The Pearl Island,Doha,Luxury,1,1
FURNISHED 2BHK NAJMA CLOSE TO AIRPORT ROAD NO FEE,Apartment,"Capital One Building, Najma, Doha",2.0,2.0,5000,100.0,Najma,Doha,Budget,0,0
Luxury 3BHK + Maid | Al Nasr | Full Amenities,Apartment,"Al Nasr Street, Al Nasr, Doha",3.0,4.0,10500,140.0,Al Nasr,Doha,Budget,0,0
4-Bedroom Villa| Ain Khalid Gate | Fully Furnished,Villa,"Ain Khalid Gate, Ain Khaled, Doha",4.0,4.0,15000,240.0,Ain Khaled,Doha,Luxury,1,1
LUXURY 1 BHK APT | PRIME LOCATION | HIGHEST FLOOR,Apartment,"Marina Tower 23, Marina District, Lusail",1.0,2.0,7000,100.0,Marina District,Lusail,Budget,0,0
LUXURY 2 BHK APT| PANORAMIC VIEW | HIGH FLOOR,Apartment,"Burj DAMAC Marina, Marina District, Lusail",2.0,3.0,10000,150.0,Marina District,Lusail,Budget,0,0
FULLY FURNISHED | 2 BEDROOMS | READY FOR OCCUPANCY,Apartment,"Residential D5, Fox Hills South, Fox Hills, Lusail",2.0,2.0,9800,150.0,Fox Hills,Lusail,Budget,0,0
MOVE IN READY | FULLY FURNISHED | 2 BEDROOMS,Apartment,"Lusail Residence, Marina District, Lusail",2.0,3.0,9858,128.0,Marina District,Lusail,Budget,0,0
FF Modern 2BR | Exclusive Privileges,Apartment,"Alfardan Residential Tower, Alfardan Towers, West Bay, Doha",2.0,3.0,12500,185.0,West Bay,Doha,Budget,0,0
3 FBR Apt | Resort-Style Living and Privileges,Apartment,"Al Gassar Resort, West Bay, Doha",3.0,4.0,15000,186.0,West Bay,Doha,Luxury,0,1
Bills Included | Luxury 1BR+Office | Premium Tower,Apartment,"Floresta Gardens, Floresta Gardens, The Pearl Island, Doha",1.0,2.0,8030,89.0,The Pearl Island,Doha,Budget,0,0
Modern 2FBR Apartment | Bin Mahmoud,Apartment,"Home-Al Fina’a, Abdullah Bin Masoud Street, Fereej Bin Mahmoud, Doha",2.0,2.0,8500,143.0,Fereej Bin Mahmoud,Doha,Budget,0,0
Modern 2FBR Apartment | Exclusive Privileges,Apartment,"Al Gassar Resort, West Bay, Doha",2.0,3.0,12000,125.0,West Bay,Doha,Budget,0,0
BRAND NEW | 2 BEDROOMS | FF | CITY VIEW,Apartment,"Lusail Residence, Marina District, Lusail",2.0,3.0,10000,150.0,Marina District,Lusail,Budget,0,0
READY TO MOVE IN | BRAND NEW | 2 BEDROOMS,Apartment,"Lusail Residence, Marina District, Lusail",2.0,3.0,10000,150.0,Marina District,Lusail,Budget,0,0
BILLS INCLUDED | BRAND NEW 2BR | HOTEL FACILITIES,Apartment,"West Bay Tower, West Bay, West Bay, Doha",2.0,3.0,12000,110.0,West Bay,Doha,Budget,0,0
BILLS + WIFI INCLUDED W/ AMENITIES | FURNISHED 1BR,Apartment,"Al Mansoura, Al Mansoura, Doha",1.0,2.0,4500,100.0,Al Mansoura,Doha,Budget,0,0
LUXURIOUS TWO-BEDROOM | BALCONY | SEA VIEW,Apartment,"Imperial Diamond, Viva Bahriyah, The Pearl Island, Doha",2.0,3.0,13000,210.0,The Pearl Island,Doha,Budget,0,0
LUXURIOUS | 1 BEDROOM | WITH PRIVATE GARDEN,Apartment,"La Plage South, La Plage, The Pearl Island, Doha",1.0,2.0,10179,120.0,The Pearl Island,Doha,Budget,0,0
Premium 2 Bedroom | Bills Included | Luxury,Apartment,"Piazza 2, La Piazza, Fox Hills, Lusail",2.0,2.0,7500,100.0,Fox Hills,Lusail,Budget,0,0
ALL BILLS INCLUDED | FULLY FURNISHED APARTMENT,Apartment,"Lusail Residence, Marina District, Lusail",1.0,2.0,7500,82.0,Marina District,Lusail,Budget,0,0
BILLS INCLUDED | LUXURY 2BR | PRIME LOCATION,Apartment,"Umm Ghwailina Comm, Umm Ghuwalina, Umm Ghuwailina, Doha",2.0,2.0,8000,100.0,Umm Ghuwailina,Doha,Budget,0,0
Spacious 4BR Semi-Furnished Villa |  Ain Khalid,Villa,"Ain Khaled Villas, Ain Khaled, Doha",4.0,5.0,12000,370.0,Ain Khaled,Doha,Luxury,1,1
Stylish 1-Bedroom | Balcony | Spacious Layout,Apartment,"East Porto Drive, Porto Arabia, The Pearl Island, Doha",1.0,2.0,7500,90.0,The Pearl Island,Doha,Budget,0,0
Ready to Move | Bills Included | FF - 3BR+Maid,Apartment,"Floresta Gardens, Floresta Gardens, The Pearl Island, Doha",3.0,4.0,14000,181.0,The Pearl Island,Doha,Luxury,0,1
Luxury Apartment with Balcony - WIFI Included,Apartment,"La Plage South, La Plage, The Pearl Island, Doha",1.0,2.0,8300,120.0,The Pearl Island,Doha,Budget,0,0
Bills/Wi-Fi Included | Limited Units | Lusail,Apartment,"Lusail Residence, Marina District, Lusail",2.0,3.0,10500,111.0,Marina District,Lusail,Budget,0,0
BRAND NEW APT | AMAZING VIEW | BILLS INCLUDED,Apartment,"Fox Hills A13, Fox Hills, Lusail",1.0,2.0,7250,108.0,Fox Hills,Lusail,Budget,0,0
Marina View | Spacious 2 Bedrooms | Huge Balcony,Apartment,"West Porto Drive, Porto Arabia, The Pearl Island, Doha",2.0,3.0,11000,170.0,The Pearl Island,Doha,Budget,0,0
Luxury 2 Bedroom | First Occupancy,Apartment,"Lusail Residence, Marina District, Lusail",2.0,3.0,11000,150.0,Marina District,Lusail,Budget,0,0
Brand New Apartment | Bills Included | 1 Bedroom,Apartment,"Piazza 2, La Piazza, Fox Hills, Lusail",1.0,2.0,8000,111.0,Fox Hills,Lusail,Budget,0,0
BRAND NEW 2BR FULLY-FURNISHED APARTMENT,Apartment,"Al Nasr Street, Al Nasr, Doha",2.0,2.0,6500,110.0,Al Nasr,Doha,Budget,0,0
Spacious 3BR+Maid | Premium Residence | Al Nasr,Apartment,"Al Nasr Street, Al Nasr, Doha",3.0,4.0,10500,150.0,Al Nasr,Doha,Budget,0,0
Big Balcony | Bills Included | 1 Month Free,Apartment,"Beverly Hills Tower, West Bay, West Bay, Doha",2.0,3.0,10500,123.0,West Bay,Doha,Budget,0,0
Bills Included | Month Free | Fully Furnished,Apartment,"Regency Residence Tower, Regency Residence Tower, West Bay, Doha",2.0,3.0,10000,158.0,West Bay,Doha,Budget,0,0
LUXURY 2BHK + STORE | PREMIUM BUILDING | AL NASR,Apartment,"Al Nasr Street, Al Nasr, Doha",2.0,3.0,8500,130.0,Al Nasr,Doha,Budget,0,0
BRAND NEW | AFFORDABLE PRICE | PRIME LOCATION,Apartment,"Marina Tower 23, Marina District, Lusail",2.0,3.0,9000,150.0,Marina District,Lusail,Budget,0,0
Fully furnished 2 BHK Luxury Compound Apartment,Apartment,"Al Waab Street, Al Waab, Doha",2.0,3.0,9086,125.0,Al Waab,Doha,Budget,0,0
5BR and Maid Villa at Abu Hamour is now for rent!,Compound,"Bu Hamour Street, Abu Hamour, Doha",6.0,5.0,10000,400.0,Abu Hamour,Doha,Luxury,2,1
1 MONTH FREE | 4BR VILLA + M | SECURE COMPOUND,Villa,"Nine Pearls Compound, Al Waab, Doha",4.0,4.0,12923,350.0,Al Waab,Doha,Luxury,1,1
BILLS INCLUDED | BRAND NEW 1BR IN LUSAIL,Apartment,"Residential D6, Fox Hills South, Fox Hills, Lusail",1.0,2.0,6750,101.0,Fox Hills,Lusail,Budget,0,0
ELEGANT SF 2BHK APARTMENT- FOX HILLS LUSAIL,Apartment,"D22, Fox Hills, Lusail",2.0,2.0,8000,150.0,Fox Hills,Lusail,Budget,0,0
No Commission Furnished Apartment Bills Inclusive,Apartment,"Abraj Bay, Abraj Quartiers, The Pearl Island, Doha",2.0,3.0,12571,166.0,The Pearl Island,Doha,Budget,0,0
SPACIOUS | 2BR | ALL BILLS INCLUDED | MARINA VIEW,Apartment,"East Porto Drive, Porto Arabia, The Pearl Island, Doha",2.0,3.0,12000,180.0,The Pearl Island,Doha,Budget,0,0
BRAND NEW |2 BEDROOM + OFFICE | PRIME LOCATION,Apartment,"L07, Fox Hills, Lusail",2.0,3.0,9500,159.0,Fox Hills,Lusail,Budget,0,0
Huge Balcony | Stunning Marina and Sea View | 2BR,Apartment,"West Porto Drive, Porto Arabia, The Pearl Island, Doha",2.0,3.0,10500,145.0,The Pearl Island,Doha,Budget,0,0
Modern 2 Bedrooms | Brand New | No Commision,Apartment,"Lusail Residence, Marina District, Lusail",2.0,3.0,10000,140.0,Marina District,Lusail,Budget,0,0
SUNLIGHT 1BR Corner Unit | Sea & Canal Views,Apartment,"Gondola, Qanat Quartier, The Pearl Island, Doha",1.0,2.0,8000,120.0,The Pearl Island,Doha,Budget,0,0
Bills Included | 2BR Fully-furnished Apartment,Apartment,"Al Tarfa Residences, Fox Hills, Lusail",2.0,2.0,6750,132.0,Fox Hills,Lusail,Budget,0,0
SPACIOUS 2BR NEAR D-RING ROAD AND LULU,Apartment,"Old Airport 43, Old Airport Road, Doha",2.0,2.0,4615,98.0,Old Airport Road,Doha,Budget,0,0
Premium Apartment |2BR+Maid Room| Modern Living,Apartment,"Crystal Residence, Gewan Island, The Pearl Island, Doha",2.0,4.0,13000,189.0,The Pearl Island,Doha,Budget,0,0
SPACIOUS 1 BDR IN LUSAIL | AMAZING POOL | JACUZI,Apartment,"Rome, Fox Hills, Fox Hills, Lusail",1.0,2.0,5500,130.0,Fox Hills,Lusail,Budget,0,0
BILLS INCLUDED | SPACIOUS 1BR WITH GYM,Apartment,"Najma Street, Najma, Doha",1.0,2.0,5000,65.0,Najma,Doha,Budget,0,0
BRAND NEW UNIT | 1 MONTH FREE | SPACIOUS 2 BDR,Apartment,"Al Erkyah City, Lusail",2.0,3.0,6499,110.0,Al Erkyah City,Lusail,Budget,0,0
ALL BILLS INCLUDED | HOUSEKEEPING | LIMiTED UNITS!,Apartment,"Bin Dirham 2, Al Mansoura, Doha",2.0,3.0,7385,96.0,Al Mansoura,Doha,Budget,0,0
ALL BILLS INCLUDED! NEAR FAMILY PARK | 1 BEDROOM,Apartment,"Al Mansoura, Al Mansoura, Doha",1.0,1.0,5077,60.0,Al Mansoura,Doha,Budget,0,0
MODERN | 1 BEDROOM | SEMI FURNISHED,Apartment,"West Porto Drive, Porto Arabia, The Pearl Island, Doha",1.0,2.0,7000,130.0,The Pearl Island,Doha,Budget,0,0
3BR | Plus Maid | Furnished | West Bay | For Rent,Apartment,"West Bay Tower, West Bay, West Bay, Doha",3.0,2.0,14000,130.0,West Bay,Doha,Budget,0,0
Furnished Apartment | Bills and WIFI Included,Apartment,"Lusail Residence, Marina District, Lusail",2.0,3.0,10999,160.0,Marina District,Lusail,Budget,0,0
Brand New | Gated Compound | 4 Bedroom Villa,Villa,"Muraikh, AlMuraikh, Doha",4.0,4.0,10500,230.0,AlMuraikh,Doha,Luxury,1,1
Luxurious | 1 Bedroom | La Plage | No Commission!,Apartment,"La Plage South, La Plage, The Pearl Island, Doha",1.0,2.0,8308,114.0,The Pearl Island,Doha,Budget,0,0
Furnished 2 BHK in Bin Mahmoud,Apartment,"Al Jazeera Street, Fereej Bin Mahmoud North, Fereej Bin Mahmoud, Doha",2.0,2.0,5000,65.0,Fereej Bin Mahmoud,Doha,Budget,0,0
Brand-New 5 BHK Villa + Maid’s Room | Compound ---,Villa,"Al Dana st, Muraikh, AlMuraikh, Doha",5.0,6.0,12000,400.0,AlMuraikh,Doha,Luxury,1,1
LANDLORD DIRECT | New Luxury Tower | 1BR Mid Floor,Apartment,"FJ9 Residential Tower, Marina District, Lusail",1.0,1.0,11000,97.0,Marina District,Lusail,Budget,0,0
NO COMMISSION | 5-STAR | 2BR+1 FF in Y Building 12,Apartment,"Y building 12, Al Sadd, Doha",2.0,2.0,9000,140.0,Al Sadd,Doha,Budget,0,0
Stand alone villa with 6 bedroom and outhouse,Villa,"Street 871, Al Duhail South, Al Duhail, Doha",6.0,5.0,15000,10.0,Al Duhail,Doha,Luxury,1,1
BILLS INCLUDED | SPACIOUS 1BR | STUNNING VIEW,Apartment,"Tower 22, Porto Arabia, The Pearl Island, Doha",1.0,2.0,6600,101.0,The Pearl Island,Doha,Budget,0,0
HIGH-FLOOR 1BR | 2 BALCONIES | MARINA & SEA VIEWS,Apartment,"Tower 22, Porto Arabia, The Pearl Island, Doha",1.0,2.0,7286,117.0,The Pearl Island,Doha,Budget,0,0
HIGH FLOOR UNIT| 1BR | MARINA VIEW | ALL INCLUSIVE,Apartment,"Tower 23, Porto Arabia, The Pearl Island, Doha",1.0,2.0,8143,114.0,The Pearl Island,Doha,Budget,0,0
BILLS INCLUDED | COZY 2 BEDROOM FULLY FURNISHED,Apartment,"East Porto Drive, Porto Arabia, The Pearl Island, Doha",2.0,2.0,9000,130.0,The Pearl Island,Doha,Budget,0,0
COZY 1 BEDROOM | CITY VIEW | FULLY FURNISHED,Apartment,"West Porto Drive, Porto Arabia, The Pearl Island, Doha",1.0,2.0,7500,118.0,The Pearl Island,Doha,Budget,0,0
STUNNING 1BHK | BILLS INCLUDED |FULL BEACH VIEW,Apartment,"Tower 2, Viva Bahriyah, The Pearl Island, Doha",1.0,2.0,7714,95.0,The Pearl Island,Doha,Budget,0,0
BILLS AND INTERNET INCLUDED | AFFORDABLE 1 BEDROOM,Apartment,"West Bay Tower, West Bay, West Bay, Doha",1.0,2.0,5750,100.0,West Bay,Doha,Budget,0,0
UNFURNISHED 2 BHK NEAR SAFARI MALL AVAILABLE!!!,Apartment,"Barwa Commercial Avenue, Umm Al Seneem, Doha",2.0,2.0,5250,101.0,Umm Al Seneem,Doha,Budget,0,0
Luxurious Furnished 1BHK Viva Bahriya|12K Incl.,Apartment,"Viva East, Viva Bahriyah, The Pearl Island, Doha",1.0,2.0,12000,130.0,The Pearl Island,Doha,Budget,0,0
Brand New 2BHK | Semi & Fully Furnished | Al Nasr,Apartment,"Al Nasr Street, Al Nasr, Doha",2.0,2.0,5800,120.0,Al Nasr,Doha,Budget,0,0
BRAND NEW | 2 BEDROOMS | FULLY FURNISHED,Apartment,"Boulevard View, Yasmeen City, Lusail",2.0,3.0,8500,139.0,Yasmeen City,Lusail,Budget,0,0
2 BHK | Fully Furnished | For Rent!,Apartment,"Al Sadd Road, Al Sadd, Doha",2.0,2.0,6000,120.0,Al Sadd,Doha,Budget,0,0
LUXURY FF 2BHK APARTMENT | BILLS EXCLUDED | LUSAIL,Apartment,"D22, Fox Hills, Lusail",2.0,2.0,8500,157.0,Fox Hills,Lusail,Budget,0,0
STYLISH CITY LIVING | 1-BEDROOM | ALL-INCLUSIVE,Apartment,"West Bay Tower, West Bay, West Bay, Doha",1.0,2.0,10500,90.0,West Bay,Doha,Budget,0,0
LUXURIOUS | 3 BEDROOMS | WITH BEACH ACCESS,Apartment,"West Bay Tower, West Bay, West Bay, Doha",3.0,4.0,15000,170.0,West Bay,Doha,Luxury,0,1
No Commission Best Price FF 1BHK Bills Included,Apartment,"Nora Park Residence, Fereej Bin Mahmoud South, Fereej Bin Mahmoud, Doha",1.0,2.0,6323,100.0,Fereej Bin Mahmoud,Doha,Budget,0,0
LANDLORD DIRECT | 2BR Flat at Yvillage 2,Compound,"Y Village 2, Al Messila, Doha",2.0,2.0,11077,152.0,Al Messila,Doha,Mid-Range,2,2
LUXURIOUS 1BR FF Flat in Y Village 2,Apartment,"Y Village 2, Al Messila, Doha",1.0,1.0,9000,120.0,Al Messila,Doha,Budget,0,0
BEAUTIFUL 1 BR APT- BILLS INCLUDED! NO AGENCY FEE!,Apartment,"Bilal Pearl Suites, Viva Bahriyah, The Pearl Island, Doha",1.0,2.0,9045,110.0,The Pearl Island,Doha,Budget,0,0
"EXCLUSIVE 1 BHK, THE PEARL- NO AGENCY FEE- OFFER!!",Apartment,"Bilal Pearl Suites, Viva Bahriyah, The Pearl Island, Doha",1.0,2.0,9045,110.0,The Pearl Island,Doha,Budget,0,0
OFFER!EXCLUSIVE 2 BR APT. SEA VIEW!NO AGENCY FEE!!,Apartment,"Bilal Pearl Suites, Viva Bahriyah, The Pearl Island, Doha",2.0,3.0,13065,165.0,The Pearl Island,Doha,Budget,0,0
Sea View | Vintage-Chic Modern Style | Luxurious,Apartment,"Al Mutahidah Tower, Viva Bahriyah, The Pearl Island, Doha",2.0,3.0,16500,229.0,The Pearl Island,Doha,Budget,0,0
NO COMMISSION | 2 BR Fully Furnished E&W Inlcuded,Apartment,"Al Sadd Road, Al Sadd, Doha",2.0,2.0,5500,90.0,Al Sadd,Doha,Budget,0,0
Brand New Unfurnished 1 BHK Apartment in Al Murra,Apartment,"Al Murrah, Al Rayyan, Doha",1.0,1.0,3500,65.0,Al Rayyan,Doha,Budget,0,0
NEWLY RENNOVATED | 2 BEDROOMS | SPACIOUS BALCONY,Apartment,"West Bay Tower, West Bay, West Bay, Doha",2.0,3.0,10000,180.0,West Bay,Doha,Budget,0,0
New Apartment -  Unfurnished 2 BHK- Al Rayyan area,Apartment,"Al Murrah, Al Rayyan, Doha",2.0,2.0,4800,120.0,Al Rayyan,Doha,Budget,0,0
NO COMMISSION LUXURY 1BHK BILLS INCL WITH POOL GYM,Apartment,"Banks street, Musheireb, Doha",1.0,2.0,4700,60.0,Musheireb,Doha,Budget,0,0
2BR+1 DUPLEX in FJ9 Residential Tower,Apartment,"FJ9 Residential Tower, Marina District, Lusail",2.0,2.0,25000,275.0,Marina District,Lusail,Luxury,0,1
EXCLUSIVE | 2 BEDROOMS | SEMI FURNISHED | VB,Apartment,"Viva West, Viva Bahriyah, The Pearl Island, Doha",2.0,3.0,10345,178.0,The Pearl Island,Doha,Budget,0,0
1 BEDROOM | SEMI FURNISHED | PRIME LOCATION,Apartment,"Viva West, Viva Bahriyah, The Pearl Island, Doha",1.0,2.0,7117,110.0,The Pearl Island,Doha,Budget,0,0
STYLISH | 1 BEDROOM | FULLY FURNISHED,Apartment,"Lusail Residence, Marina District, Lusail",1.0,2.0,7286,83.0,Marina District,Lusail,Budget,0,0
Modern & Elegant Furnished 2BHK Apartment |Al Sadd,Apartment,"Al Sadd Road, Al Sadd, Doha",2.0,3.0,5540,130.0,Al Sadd,Doha,Budget,0,0
BILLS INCLUDED | CLASSY 2 BEDROOM WITH MAIDS ROOM,Apartment,"Floresta Gardens, Floresta Gardens, The Pearl Island, Doha",2.0,3.0,9560,137.0,The Pearl Island,Doha,Budget,0,0
LANDLORD DIRECT | 1BR Unfurnished Villa,Compound,"Legtaifiya Lagoon, West Bay, Doha",1.0,1.0,8500,125.0,West Bay,Doha,Mid-Range,2,2
NO COMMISSION | 1 BR DUPLEX | BRAND NEW UNITS,Apartment,"FJ9 Residential Tower, Marina District, Lusail",1.0,1.0,11000,97.0,Marina District,Lusail,Budget,0,0
LANDLORD DIRECT | SEA VIEW | BRAND NEW UNITS,Apartment,"FJ9 Residential Tower, Marina District, Lusail",2.0,2.0,14000,150.0,Marina District,Lusail,Budget,0,0
LANDLORD DIRECT | Premium 2BR+Maid | Marina Lusail,Apartment,"FJ8 Residential Tower, Marina District, Lusail",2.0,2.0,13000,132.0,Marina District,Lusail,Budget,0,0
1-BDR | Balcony | Qatar Cool Included | Month Free,Apartment,"Tower 19, Viva Bahriyah, The Pearl Island, Doha",1.0,2.0,9500,97.0,The Pearl Island,Doha,Budget,0,0
Maid Room | One Month Free | Utilities Included,Apartment,"Floresta Gardens, Floresta Gardens, The Pearl Island, Doha",2.0,3.0,16000,174.0,The Pearl Island,Doha,Budget,0,0
1 Month Free | Qatar Cool Included | 1 Bedroom,Apartment,"Regency Pearl 2, Regency Pearl 2, The Pearl Island, Doha",1.0,2.0,7500,89.0,The Pearl Island,Doha,Budget,0,0
NO COMMISSION | 2BR FF GF & 1st Floor | Y Village,Compound,"Y Village, Abu Sidra, Al Rayyan, Doha",2.0,2.0,9000,154.0,Al Rayyan,Doha,Mid-Range,2,2
1 Bedroom | Furnished | Included bills | For Rent,Apartment,"Umm Ghwailina Comm, Umm Ghuwalina, Umm Ghuwailina, Doha",1.0,1.0,3800,91.0,Umm Ghuwailina,Doha,Budget,0,0
NO COMMISSION | 1BR Furnished Villa in Y Village 1,Compound,"Y Village, Abu Sidra, Al Rayyan, Doha",1.0,1.0,5000,75.0,Al Rayyan,Doha,Mid-Range,2,2
NO COMMISSION | 2BR Furnished Flat in Y Village 1,Apartment,"Y Village, Abu Sidra, Al Rayyan, Doha",2.0,2.0,8000,154.0,Al Rayyan,Doha,Budget,0,0
NO COMMISSION 2BR Western-Contemporary | Corniche,Apartment,"FJ Building 5, Umm Ghuwailina, Doha",2.0,2.0,8000,133.0,Umm Ghuwailina,Doha,Budget,0,0
LANDLORD DIRECT | NEW TOWER | UTILITIES INCLUDED,Apartment,"FJ9 Residential Tower, Marina District, Lusail",2.0,2.0,14000,150.0,Marina District,Lusail,Budget,0,0
LANDLORD DIRECT | MODERN 4MBR+1 FF Villa Type,Villa,"Salwa Road, Al Aziziyah, Doha",4.0,5.0,14880,363.0,Al Aziziyah,Doha,Luxury,1,1
2 Bedrooms | Al Sadd | Near Metro | For Rent!,Apartment,"Al Sadd Road, Al Sadd, Doha",2.0,2.0,6000,120.0,Al Sadd,Doha,Budget,0,0
LUXURY 2BHK + STORE | PREMIUM BUILDING | AL NASR,Apartment,"Al Nasr Street, Al Nasr, Doha",2.0,2.0,8500,130.0,Al Nasr,Doha,Budget,0,0
3 BEDROOM + M | THE PEARL | AMAZING SEA VIEW,Apartment,"Viva West, Viva Bahriyah, The Pearl Island, Doha",3.0,4.0,15000,196.0,The Pearl Island,Doha,Luxury,0,1
AFFORDABLE 1 BEDROOM | FULLY FURNISHED | LUSAIL,Apartment,"Milan, Fox Hills, Fox Hills, Lusail",1.0,2.0,5000,109.0,Fox Hills,Lusail,Budget,0,0
STUNNING 2 BEDROOM FULLY FURNISHED APARTMENT,Apartment,"Giardino Apartments, The Pearl Island, Doha",2.0,2.0,8400,120.0,The Pearl Island,Doha,Budget,0,0
NO COMMISSION | 2BR Fully Furnished 5-Star Bldg,Apartment,"FJ Building 7, Umm Ghuwailina, Doha",2.0,2.0,8000,115.0,Umm Ghuwailina,Doha,Budget,0,0
Premium 2 Bedrooms | Fully Furnished | Prime Area,Apartment,"Boulevard View, Yasmeen City, Lusail",2.0,3.0,8000,198.0,Yasmeen City,Lusail,Budget,0,0
NO COMMISSION | EXECUTIVE HOTEL APARTMENTS,Hotel Apartments,"Imperial Suites, Old Salata, Salata, Doha",1.0,2.0,6500,105.0,Salata,Doha,Mid-Range,3,2
4BDR + Maid | Semi Furnished | No Commission |,Villa,"Al Fardan Gardens 05, Al Waab, Doha",4.0,6.0,12000,385.0,Al Waab,Doha,Luxury,1,1
2BR Fully Furnished at Al Nasr INCLUDING KAHRMAA!,Apartment,"Al Nasr Street, Al Nasr, Doha",2.0,2.0,6000,110.0,Al Nasr,Doha,Budget,0,0
NO COMM | 2BR WITH POOL AND GYM W/ AMAZING OFFERS,Apartment,"Hiteen Street, Al Muntazah, Doha",2.0,3.0,6500,120.0,Al Muntazah,Doha,Budget,0,0
STUNNING 2BHK FULLY FURNISHED APARTMENT FOR RENT,Apartment,"Al Sadd Road, Al Sadd, Doha",2.0,3.0,5540,130.0,Al Sadd,Doha,Budget,0,0
Brand New | 6BR Family Villa | Compound Living,Villa,"Al Kheesa, Al Kheesa, Umm Salal Mohammed",6.0,6.0,10000,400.0,Al Kheesa,Umm Salal Mohammed,Luxury,1,1
ELEGANT SF 2BHK APARTMENT INCLUDING BILLS | LUSAIL,Apartment,"D22, Fox Hills, Lusail",2.0,2.0,8250,135.0,Fox Hills,Lusail,Budget,0,0
2BHK BILLS INCLUDED | NICE VIEW | AFFORDABLE PRICE,Apartment,"Marina Tower 21, Marina District, Lusail",2.0,3.0,8800,121.0,Marina District,Lusail,Budget,0,0
BRAND NEW | 1 BEDROOM | PRIME LOCATION,Apartment,"Al Erkyah City, Lusail",1.0,2.0,5500,60.0,Al Erkyah City,Lusail,Budget,0,0
___ 2BHK for rent in bin mahmoud with balcony ___,Apartment,"Fereej Bin Mahmoud North, Fereej Bin Mahmoud, Doha",2.0,2.0,4300,80.0,Fereej Bin Mahmoud,Doha,Budget,0,0
MODERN | 2 BEDROOMS | SF | BILLS INCLUDED,Apartment,"Viva West, Viva Bahriyah, The Pearl Island, Doha",2.0,3.0,10345,160.0,The Pearl Island,Doha,Budget,0,0
Spacious | Fully Furnished | 1BR | Umm Ghuwailina,Apartment,"Umm Ghwailina Comm, Umm Ghuwalina, Umm Ghuwailina, Doha",1.0,1.0,4000,92.0,Umm Ghuwailina,Doha,Budget,0,0
MOVE IN READY | SPACIOUS | 3 BEDROOMS,Apartment,"West Bay Tower, West Bay, West Bay, Doha",3.0,3.0,9500,180.0,West Bay,Doha,Budget,0,0
3+MAID | STORAGE | FULLY FURNISHED | ZIG ZAG TOWER,Apartment,"Zig Zag Tower B, Zig Zag Towers, West Bay, Doha",3.0,5.0,10000,226.0,West Bay,Doha,Luxury,0,1
COZY 1BR | VIVA BAHRIYA | DIRECT BEACH ACCESS,Apartment,"Viva West, Viva Bahriyah, The Pearl Island, Doha",1.0,2.0,7117,110.0,The Pearl Island,Doha,Budget,0,0
Newly Renovated Villa With Amazing Natural Light,Villa,"Al Nuaija Street, Al Hilal West, Al Hilal, Doha",5.0,3.0,10500,350.0,Al Hilal,Doha,Luxury,1,1
4 BDR + Maid | SF | Special offer |Great Amenities,Villa,"Al Fardan Gardens 05, Al Waab, Doha",4.0,6.0,12000,385.0,Al Waab,Doha,Luxury,1,1
Spacious Fully Furnished 2-bedroom apartment.,Apartment,"Porto Arabia, The Pearl Island, Doha",2.0,3.0,11000,120.0,The Pearl Island,Doha,Budget,0,0
Master Bedroom | One Month Free | Bills Included,Apartment,"Tower 12, Porto Arabia, The Pearl Island, Doha",1.0,2.0,13000,107.0,The Pearl Island,Doha,Budget,0,0
MODERN | 3 BEDROOMS PLUS MAID ROOM |PRIME LOCATION,Apartment,"West Porto Drive, Porto Arabia, The Pearl Island, Doha",3.0,4.0,14000,248.0,The Pearl Island,Doha,Luxury,0,1
Spacious 2BR Fully Furnished Balcony Erkiya Lusail,Apartment,"Al Erkyah City, Lusail",2.0,2.0,6000,141.0,Al Erkyah City,Lusail,Budget,0,0
UNFURNISHED 2 BEDROOMS NEAR SAFARI MALL FOR RENT!,Apartment,"Barwa Commercial Avenue, Umm Al Seneem, Doha",2.0,2.0,5250,101.0,Umm Al Seneem,Doha,Budget,0,0
Prime Location Best Price UF 3BHK with Amenities,Apartment,"Indigo Residence, Fereej Bin Mahmoud South, Fereej Bin Mahmoud, Doha",3.0,3.0,6000,121.0,Fereej Bin Mahmoud,Doha,Budget,0,0
1-Bedroom+Office Room | Month Free | Qatar Cool,Apartment,"Tower 19, Viva Bahriyah, The Pearl Island, Doha",1.0,2.0,11000,142.0,The Pearl Island,Doha,Budget,0,0
Modern 2BHK + Store | Full Amenities | Al Nasr,Apartment,"Al Nasr Street, Al Nasr, Doha",2.0,3.0,8500,130.0,Al Nasr,Doha,Budget,0,0
Furnished One BR Apt I QC Incl I Kempinski Seaview,Apartment,"Carnaval, Qanat Quartier, The Pearl Island, Doha",1.0,2.0,8000,90.0,The Pearl Island,Doha,Budget,0,0
Huge Balcony | Clean and Bright | Spacious 2 Beds,Apartment,"East Porto Drive, Porto Arabia, The Pearl Island, Doha",2.0,3.0,10000,145.0,The Pearl Island,Doha,Budget,0,0
COZY 2 BR AT CORNICHE INC BILLS AVAILABLE!,Apartment,"Hotel 115, Old Salata, Salata, Doha",2.0,2.0,6500,120.0,Salata,Doha,Budget,0,0
Spacious 2BR 1Month Free Huge Terrace Marina View,Apartment,"Al Kharaej 30, Lusail",2.0,2.0,9800,145.0,Al Kharaej 30,Lusail,Budget,0,0
Spacious Villa | Premium Amenities | Cozy Compound,Villa,"Al Waab Street, Al Waab, Doha",3.0,4.0,11550,300.0,Al Waab,Doha,Luxury,1,1
Modern & Elegant 2BHK Furnished Apartment |AL Sadd,Apartment,"Al Sadd Road, Al Sadd, Doha",2.0,3.0,5540,130.0,Al Sadd,Doha,Budget,0,0
Luxurious 2 BHK in a Prime Location at The Pearl,Apartment,"Giardino Village, The Pearl Island, Doha",2.0,3.0,10000,131.0,The Pearl Island,Doha,Budget,0,0
Luxury 1 Bedroom | Modern Elegance | Including Bil,Apartment,"Salaja Street, Doha Al Jadeed, Doha",1.0,2.0,4800,85.0,Doha Al Jadeed,Doha,Budget,0,0
NO COMMISSION | 2 BR Unfurnished | Al Sadd,Apartment,"Al Sadd Road, Al Sadd, Doha",2.0,2.0,5077,94.0,Al Sadd,Doha,Budget,0,0
4 BHK VILLA +MAIDS and DRIVER ROOM in Abu HAMOUR,Villa,"Bu Hamour Street, Abu Hamour, Doha",4.0,5.0,11000,500.0,Abu Hamour,Doha,Luxury,1,1
Furnished 1 Bedroom in Ein Khaled,Apartment,"Ain Khaled, Doha",1.0,1.0,4000,42.0,Ain Khaled,Doha,Budget,0,0
"Spacious 2 bed flat, including bills & amenities",Compound,"Diamond Compound, Abu Hamour, Doha",2.0,2.0,8000,160.0,Abu Hamour,Doha,Mid-Range,2,2
"Spacious 3 bed flat, including bills & amenities",Compound,"Sapphire Compound, Abu Hamour, Doha",3.0,2.0,8100,160.0,Abu Hamour,Doha,Mid-Range,2,2
STUNNING 2BR DUPLEX WITH BREATHTAKING CITY VIEW,Townhouse,"Abraj Bay, Abraj Quartiers, The Pearl Island, Doha",2.0,3.0,15643,210.0,The Pearl Island,Doha,Mid-Range,4,2
2 BEDROOMS FULLY FURNISHED WITH SPACIOUS BALCONY,Apartment,"West Bay Tower, West Bay, West Bay, Doha",2.0,3.0,10000,180.0,West Bay,Doha,Budget,0,0
NEWLY RENOVATED 3 BEDROOMS FULLY FURNISHED WESTBAY,Apartment,"West Bay Tower, West Bay, West Bay, Doha",3.0,3.0,9500,180.0,West Bay,Doha,Budget,0,0
2 BEDROOMS | FULLY FURNISHED | EXCLUSIVE TOWER,Apartment,"West Bay Tower, West Bay, West Bay, Doha",2.0,3.0,8500,150.0,West Bay,Doha,Budget,0,0
Lavilla Suites 1BHK Furnished Room,Hotel Apartments,"Najma Street, Najma, Doha",1.0,1.0,3750,50.0,Najma,Doha,Mid-Range,3,2
Spacious 3 Bedroom + Maid Villa in Ain Khaled,Villa,"Ain Khaled Villas, Ain Khaled, Doha",3.0,5.0,12000,450.0,Ain Khaled,Doha,Luxury,1,1
BILLS INC Luxurious 2 bedrooms apartment in Marina,Apartment,"Lusail Marina Heights, Marina District, Lusail",2.0,3.0,8770,130.0,Marina District,Lusail,Budget,0,0
Brand New | 4 Bedrooms  | Al Waab,Compound,"Al Waab Street, Al Waab, Doha",4.0,4.0,10500,240.0,Al Waab,Doha,Luxury,2,1
No Commission Best Price FF 2BHK Bills Included,Apartment,"Thabit Bin Zaid Street, Al Mansoura, Doha",2.0,2.0,5400,130.0,Al Mansoura,Doha,Budget,0,0
Luxurious 1 bedroom apartment in Al corniche,Apartment,"Le mirage corniche, Ras Abu Aboud, Doha",1.0,2.0,6250,80.0,Ras Abu Aboud,Doha,Budget,0,0
Modern & Spacious Fully Furnished 2BHK | Al Sadd,Apartment,"Al Sadd Road, Al Sadd, Doha",2.0,3.0,5540,130.0,Al Sadd,Doha,Budget,0,0
BRAND NEW 1 BEDROOM | BILLS INCLUDED | BALCONY,Apartment,"Fox Hills A13, Fox Hills, Lusail",1.0,2.0,7000,97.0,Fox Hills,Lusail,Budget,0,0
Modern 1BR in Umm Ghuwailina – Fully Furnished,Apartment,"Umm Ghwailina Comm, Umm Ghuwalina, Umm Ghuwailina, Doha",1.0,1.0,4000,90.0,Umm Ghuwailina,Doha,Budget,0,0
Fully Furnished | 2BHK+Maid | Commission Free,Apartment,"Mamsha Bay, Lusail",2.0,3.0,12000,140.0,Mamsha Bay,Lusail,Budget,0,0
Affordable Furnished 1BHK izghawa,Villa,"Izghawa, Izghawa, Doha",1.0,1.0,2600,85.0,Izghawa,Doha,Budget,1,0
3BR Bliss Residence | Serviced | Bills included,Apartment,"Banyan Tree Doha, Musheireb, Doha",3.0,4.0,23000,260.0,Musheireb,Doha,Luxury,0,1
PREMIUM & VERY SPACIOUS 5BHK APARTMENT NEAR LULU,Apartment,"Old Airport Road, Old Airport Road, Doha",5.0,5.0,10000,200.0,Old Airport Road,Doha,Luxury,0,1
"Spacious 2 bed flat, including bills & amenities",Compound,"Sapphire Compound, Abu Hamour, Doha",2.0,2.0,7800,133.0,Abu Hamour,Doha,Mid-Range,2,2
Gorgeous Beach Villa in the Heart of Doha,Compound,"West Bay Lagoon, West Bay Lagoon, Doha",5.0,6.0,21500,467.0,West Bay Lagoon,Doha,Luxury,2,1
Spacious 3 Bedroom in a beautiful Compound,Compound,"Cascade Compound, Abu Hamour, Doha",3.0,3.0,9300,200.0,Abu Hamour,Doha,Mid-Range,2,2
Luxury 3 Master Bedrooms + Maid | Full Sea View,Apartment,"Floresta Gardens, Floresta Gardens, The Pearl Island, Doha",3.0,5.0,13000,181.0,The Pearl Island,Doha,Luxury,0,1
COZY & ELEGANT APARTMENT IN A PRIME LOCATION lusa,Apartment,"Residential D5, Fox Hills South, Fox Hills, Lusail",1.0,2.0,6000,100.0,Fox Hills,Lusail,Budget,0,0
Directly from the owner ! Including Bills !,Apartment,"Marina Residence 16, Marina District, Lusail",2.0,2.0,8750,110.0,Marina District,Lusail,Budget,0,0
LUXURY 4BR TOWNHOUSE | HUGE TERRACE | MARINA VIEW,Townhouse,"Porto Arabia Townhouses, Porto Arabia, The Pearl Island, Doha",4.0,4.0,20000,500.0,The Pearl Island,Doha,Luxury,4,1
La Villa Inn,Hotel Apartments,"Najma Street, Najma, Doha",1.0,1.0,4500,50.0,Najma,Doha,Mid-Range,3,2
SUPER SPACIOUS BRAND NEW 2BHK FURNISHED NEAR LULU,Apartment,"Old Airport Road, Old Airport Road, Doha",2.0,2.0,5500,150.0,Old Airport Road,Doha,Budget,0,0
Furnished apartment for rent in Lusail,Apartment,"Florence, Fox Hills, Fox Hills, Lusail",1.0,2.0,5000,82.0,Fox Hills,Lusail,Budget,0,0
3BHK Villa | Commission Free | 1 Month Free,Villa,"Al Waab Street, Al Waab, Doha",3.0,4.0,15554,406.0,Al Waab,Doha,Luxury,1,1
Exquisite 3BHK Villa | No Commission | 1Month Free,Villa,"La Verna Compound, Muraikh, AlMuraikh, Doha",3.0,4.0,15554,406.0,AlMuraikh,Doha,Luxury,1,1
Stylish 2BHK | No Commission | 2 Months Free,Compound,"La Verna Compound, Muraikh, AlMuraikh, Doha",2.0,3.0,9086,135.0,AlMuraikh,Doha,Mid-Range,2,2
7 Bedroom Stand Alone Villa | Only Qatari,Villa,"Al Luqta, Al Luqta, Doha",7.0,5.0,12000,650.0,Al Luqta,Doha,Luxury,1,1
Staff Accommodation Rooms for Rent - NO COMISSION,Compound,"Umm Salal Mahammad, Umm Salal City, Doha",1.0,1.0,2425,24.0,Umm Salal City,Doha,Mid-Range,2,2
Standard 1-Bedroom No Commission | 2 months free,Apartment,"Le Mirage City Walk, Fereej Bin Mahmoud South, Fereej Bin Mahmoud, Doha",1.0,2.0,7714,85.0,Fereej Bin Mahmoud,Doha,Budget,0,0
Brand New Luxury 2BHK | Beach Access | The Pearl,Apartment,"La Plage South, La Plage, The Pearl Island, Doha",2.0,3.0,15500,160.0,The Pearl Island,Doha,Budget,0,0
One Plus Maid | Semi-Furnished | Al Waab,Compound,"Al Waab Street, Al Waab, Doha",3.0,4.0,11025,250.0,Al Waab,Doha,Luxury,2,1
Luxury 3BR + Maid & Duplex 3BR | Al Nasr| For Rent,Apartment,"Al Nasr Street, Al Nasr, Doha",3.0,4.0,10500,150.0,Al Nasr,Doha,Budget,0,0
"1 MONTH FREE |SPACIOUS 2BHK NEAR RAWNAQ, BINOMRAN",Apartment,"Bin Omran 35, Fereej Bin Omran, Doha",2.0,2.0,4300,135.0,Fereej Bin Omran,Doha,Budget,0,0
No Commission | All-Inclusive 2 BR | Furnished,Apartment,"Giardino Apartments, The Pearl Island, Doha",2.0,3.0,8000,110.0,The Pearl Island,Doha,Budget,0,0
furnished 1BHK Apartment in Freej Bin Mahmoud,Apartment,"Fereej Bin Mahmoud, Doha",1.0,1.0,4500,60.0,Fereej Bin Mahmoud,Doha,Budget,0,0
1 MONTH FREE | 2BHK FURNISHED IN PRIME LOCATION,Apartment,"Hiteen Street, Al Muntazah, Doha",2.0,2.0,4000,110.0,Al Muntazah,Doha,Budget,0,0
Spacouis 1BR | Marina View | Furnished,Apartment,"Porto Arabia, The Pearl Island, Doha",1.0,2.0,10000,100.0,The Pearl Island,Doha,Budget,0,0
SPACIOUS BRAND NEW TWO BHK APARTMENT AL KHOR,Apartment,"Al Khor Community, Al Khor",2.0,2.0,4800,150.0,Al Khor Community,Al Khor,Budget,0,0
FURNISHED 2BHK IN COMPOUND WITH BACKYARD-FREE BILL,Compound,"Muaither Area, Al Rayyan, Doha",2.0,2.0,5500,30.0,Al Rayyan,Doha,Mid-Range,2,2
FURNISHED 1BHK -COMPOUND-INCLUDING BILLS-MUAITHER,Compound,"Muaither Area, Al Rayyan, Doha",1.0,1.0,3500,10.0,Al Rayyan,Doha,Mid-Range,2,2
All Bills Free I No Commission I Luxury hotel apartment 1BHK,Apartment,"OqbaBin Nafie Steet, Old Airport Road, Doha",1.0,2.0,5300,100.0,Old Airport Road,Doha,Budget,0,0
All Bills Free I 1BHK Room,Hotel Apartments,"Old Airport Residential Apartments, Old Airport Road, Doha",1.0,2.0,5300,100.0,Old Airport Road,Doha,Mid-Range,3,2
NO COMMISSION LUSAIL NEW FF 1BHK SHORT TERM DEAL,Apartment,"Al Erkyah City, Lusail",1.0,2.0,5500,60.0,Al Erkyah City,Lusail,Budget,0,0
Spacious 2 Bedroom in Barwa with 2 Months FREE,Apartment,"Barwa City, Mesaimeer, Doha",2.0,3.0,6250,120.0,Mesaimeer,Doha,Budget,0,0
1 BHK Apartment for Rent in Dafna           b,Apartment,"Al Jazi Gardens 1, Al Jazi Gardens, Al Dafna, Doha",1.0,1.0,4000,110.0,Al Dafna,Doha,Budget,0,0
Fully Furnished 1-BHK Bills Included-New Doha,Apartment,"Doha Al Jadeed, Doha",1.0,2.0,4500,75.0,Doha Al Jadeed,Doha,Budget,0,0
FULLY FURNISHED 3BHK FLAT IN AL SADD !!,Apartment,"Al Sadd, Al Sadd, Doha",3.0,3.0,7500,300.0,Al Sadd,Doha,Budget,0,0
Furnished 4 BDR Villa+Maids in Compound Ain Khalid,Villa,"Ain Khaled Villas, Ain Khaled, Doha",4.0,5.0,15000,270.0,Ain Khaled,Doha,Luxury,1,1
NO COMMISSION | 3Beds with Maid | Fully Furnished,Apartment,"Floresta Gardens, Floresta Gardens, The Pearl Island, Doha",3.0,5.0,14250,180.0,The Pearl Island,Doha,Luxury,0,1
NO COMMISSION| 2BR+Maid | Fully Frnshed | VB View,Apartment,"Floresta Gardens, Floresta Gardens, The Pearl Island, Doha",2.0,4.0,10000,160.0,The Pearl Island,Doha,Budget,0,0
Best Price | 1 Bedroom | With Balcony Semi Furnish,Apartment,"East Porto Drive, Porto Arabia, The Pearl Island, Doha",1.0,2.0,7000,110.0,The Pearl Island,Doha,Budget,0,0
Brand new Luxury Apartments - Freej Kulaib,Apartment,"Fereej Kulaib, Doha",3.0,3.0,7000,140.0,Fereej Kulaib,Doha,Budget,0,0
Furnished 4 BDR Villa+Maids in Compound Ain Khalid,Apartment,"Ain Khalid Gate, Ain Khaled, Doha",4.0,5.0,15000,270.0,Ain Khaled,Doha,Luxury,0,1
3BR Apartment Sea View | Dareen Tower | West Bay,Apartment,"Dareen Tower, West Bay, West Bay, Doha",3.0,4.0,10800,183.0,West Bay,Doha,Budget,0,0
Furnished 3 BHK Apartments + Month FREE- Muntazah,Apartment,"Al Muntazah Street, Al Muntazah, Doha",3.0,3.0,6500,135.0,Al Muntazah,Doha,Budget,0,0
Sea View One-Bedroom Suite - 5* Hotel - FF,Hotel Apartments,"Agora Autograph Collection, Lusail City, Lusail",1.0,2.0,12000,85.0,Lusail City,Lusail,Mid-Range,3,2
Deluxe 1-Bedroom Suite - 5* Hotel - FF,Hotel Apartments,"Agora Autograph Collection, Lusail City, Lusail",1.0,2.0,10500,85.0,Lusail City,Lusail,Mid-Range,3,2
Luxury Furnished 1Bedroom Apartment Full Amenities,Apartment,"Doha Al Jadeed, Doha",1.0,2.0,4700,75.0,Doha Al Jadeed,Doha,Budget,0,0
Luxurious 1 Bedroom Apartment Souq Waqif,Hotel Apartments,"Old Al Ghanim, Al Ghanim, Doha",1.0,2.0,5500,55.0,Al Ghanim,Doha,Mid-Range,3,2
2 BEDS APARTMENT - NO COMMISSON - 2 MONTHS FREE,Apartment,"Floresta Gardens, Floresta Gardens, The Pearl Island, Doha",2.0,3.0,9429,120.0,The Pearl Island,Doha,Budget,0,0
AFFORDABLE 1-BEDROOM | ALL BILLS INCLUDED,Apartment,"Umm Salal Ali, Umm Salal Ali, Doha",1.0,1.0,2500,62.0,Umm Salal Ali,Doha,Budget,0,0
Luxury1BR Partial Sea View | No commission,Hotel Apartments,"Lusail Residence, Marina District, Lusail",1.0,1.0,9000,95.0,Marina District,Lusail,Mid-Range,3,2
MODERN 2BHK + 1 APARTMENT FOR RENT IN GEWAN ISLAND,Apartment,"Crystal Residence, Gewan Island, The Pearl Island, Doha",2.0,4.0,12000,153.0,The Pearl Island,Doha,Budget,0,0
Fully Furnished 1BR Apartment near Sport City Road,Apartment,"Saeed Ibn Jubair, Al Aziziyah, Doha",1.0,1.0,4500,65.0,Al Aziziyah,Doha,Budget,0,0
"Elegant Fully Furnished 2-BDR Giardino, The Pearl",Apartment,"Giardino Apartments, The Pearl Island, Doha",2.0,3.0,8500,120.0,The Pearl Island,Doha,Budget,0,0
Best Price | Full Sea View | Well Furnished,Apartment,"Crystal Residence, Gewan Island, The Pearl Island, Doha",2.0,3.0,14000,180.0,The Pearl Island,Doha,Budget,0,0
Enjoy 1 Year Lease and get 1 Month Free!,Villa,"Les Roses Compound 3, Al Waab, Doha",5.0,6.0,22500,386.0,Al Waab,Doha,Luxury,1,1
4 bed villa + maids quarter- 2 Years plus 2 Months,Villa,"Les Roses Compound 1, Al Waab, Doha",4.0,6.0,15999,316.0,Al Waab,Doha,Luxury,1,1
ONE-BEDROOM ROSEWOOD RESIDENCE | HOTEL BENEFITS,Hotel Apartments,"Rosewood Residences, Marina District, Lusail",1.0,2.0,14000,81.0,Marina District,Lusail,Mid-Range,3,2
THREE-BEDROOM ROSEWOOD RESIDENCE | HOTEL BENEFITS,Hotel Apartments,"Rosewood Residences, Marina District, Lusail",3.0,5.0,32000,177.0,Marina District,Lusail,Luxury,3,1
Brand new Luxury Apartments - Freej Kulaib,Apartment,"Fereej Kulaib, Doha",1.0,1.0,4500,110.0,Fereej Kulaib,Doha,Budget,0,0
Brand New 2BHK FF Apartment W/2 Months Free!,Apartment,"Al Hitmi, Al Hitmi, Doha",2.0,3.0,6429,120.0,Al Hitmi,Doha,Budget,0,0
SF - Two Bedoom an plus office room and balcony,Apartment,"Viva West, Viva Bahriyah, The Pearl Island, Doha",2.0,2.0,10750,184.0,The Pearl Island,Doha,Budget,0,0
2 bedroom plus a balcony - Ready to move in Porto,Apartment,"East Porto Drive, Porto Arabia, The Pearl Island, Doha",2.0,2.0,10850,180.0,The Pearl Island,Doha,Budget,0,0
NO COMMISSION | BRAND NEW AL NASR 2BHK FULLY FURNI,Apartment,"Al Nasr, Doha",2.0,2.0,6200,90.0,Al Nasr,Doha,Budget,0,0
3BR Villa | Al Jazi Gardens | West Bay,Villa,"Al Jazi Gardens 1, Al Jazi Gardens, Al Dafna, Doha",3.0,4.0,18000,310.0,Al Dafna,Doha,Luxury,1,1
1BR Apartment | Al Saad | Prime Location,Apartment,"Al Sadd Tourist Apartments, Al Sadd, Doha",1.0,2.0,5500,100.0,Al Sadd,Doha,Budget,0,0
3BR Villa | Al Areen Gardens | Madinat Khalifa,Villa,"Al Areen Gardens, Madinat Khalifa North, Madinat Khalifa, Doha",3.0,4.0,14000,250.0,Madinat Khalifa,Doha,Luxury,1,1
Spacious 3-Bedroom Apartment for Rent in Najma,Apartment,"Najma Street, Najma, Doha",3.0,3.0,6000,140.0,Najma,Doha,Budget,0,0
2 MONTHS FREE | LUXURY 2 BDR FURNISHED | POOL| GYM,Compound,"Al Waab Street, Al Waab, Doha",2.0,3.0,9086,150.0,Al Waab,Doha,Mid-Range,2,2
1 Bedroom Apartment | West Bay,Apartment,"Serdal Tower, Serdal Tower, West Bay, Doha",1.0,2.0,6500,77.0,West Bay,Doha,Budget,0,0
One Bedroom Apartment at Oaks Al Najada,Hotel Apartments,"Musheireb, Doha",1.0,1.0,9500,51.0,Musheireb,Doha,Mid-Range,3,2
Two Bedroom Apartment at Al Najada Oaks,Hotel Apartments,"Musheireb, Doha",2.0,2.0,11500,91.0,Musheireb,Doha,Mid-Range,3,2
OFFER - LUXYRY 4 BEDS VILLA IN ALFARDAN 5 -NO FEES,Villa,"Al Fardan Gardens 05, Al Waab, Doha",4.0,5.0,12000,350.0,Al Waab,Doha,Luxury,1,1
No Commission - Big Balcony - Low Floor - 1 Bdrm,Apartment,"East Porto Drive, Porto Arabia, The Pearl Island, Doha",1.0,2.0,7000,120.0,The Pearl Island,Doha,Budget,0,0
2 Bedroom's Apartment In Muaither,Apartment,"Jeera Residential Compound, Muaither North, Muaither Area, Doha",2.0,2.0,3500,100.0,Muaither Area,Doha,Budget,0,0
Brand New Luxury Villa | Cozy compound for Lease,Villa,"Al Soudan, Al Soudan, Doha",6.0,7.0,17000,450.0,Al Soudan,Doha,Luxury,1,1
BILLS FREE | LUXURY 1 BHK | AL MANSOURA,Apartment,"Al Mansoura, Al Mansoura, Doha",1.0,1.0,3600,80.0,Al Mansoura,Doha,Budget,0,0
ELEGANT 1BHK SF APT | FOR RENT | THE PEARL,Apartment,"Gondola, Qanat Quartier, The Pearl Island, Doha",1.0,2.0,7000,80.0,The Pearl Island,Doha,Budget,0,0
SPACIOUS BRAND NEW 2BHK + MAID FF | MARINA LUSAIL,Apartment,"Lusail Residence, Marina District, Lusail",2.0,4.0,11000,165.0,Marina District,Lusail,Budget,0,0
2BR Apartment | Dareen Tower | West Bay,Apartment,"Dareen Tower, West Bay, West Bay, Doha",2.0,1.0,9800,203.0,West Bay,Doha,Budget,0,0
1BR Premiere Apartments | Beach Access,Apartment,"Kempinski Residences and Suites, West Bay, Doha",1.0,2.0,10800,98.0,West Bay,Doha,Budget,0,0
2BR Premiere Apartments | Beach Access,Apartment,"Kempinski Residences and Suites, West Bay, Doha",2.0,3.0,14500,167.0,West Bay,Doha,Budget,0,0
Your Dream 1BHK in Abraj INN Royal 3,Apartment,"Muntazah Commercial Complex, Najma, Doha",1.0,2.0,5300,100.0,Najma,Doha,Budget,0,0
"CORPORATE RATE* 14,400 QAR FOR SELECTED COMPANIES",Compound,"Aspire Tower, Al Waab, Al Waab, Doha",3.0,4.0,15323,406.0,Al Waab,Doha,Luxury,2,1
BEST CORPORATE DEAL |  stuff acc | 6x4 & 4x4,Whole Building,"Industrial Area, Industrial Area, Doha",1.0,1.0,599,24.0,Industrial Area,Doha,Mid-Range,5,2
Limited - 2 Bedroom 5 STAR Hotel No commission,Apartment,"Element City Center, Bulmasan Street, West Bay, Doha",2.0,3.0,12500,121.0,West Bay,Doha,Budget,0,0
1 Bedroom Apartment - King City view -5 Star Hotel,Hotel Apartments,"Element City Center, Bulmasan Street, West Bay, Doha",1.0,2.0,10500,100.0,West Bay,Doha,Mid-Range,3,2
AFFORDABLE 3-BEDROOM | SPACIOUS | SEMI-FURNISHED,Apartment,"Najma Street, Najma, Doha",3.0,3.0,6000,130.0,Najma,Doha,Budget,0,0
FULLY FURNISHED 2 MASTER-BHK  APARTMENT THE PEARL,Apartment,"Giardino Apartments, The Pearl Island, Doha",2.0,3.0,9000,90.0,The Pearl Island,Doha,Budget,0,0
5BR Villa | Al Jazi Village II | Family Compound,Villa,"Al Jazi Village II, Al Jazi Village, Al Gharrafa, Doha",5.0,6.0,15000,303.0,Al Gharrafa,Doha,Luxury,1,1
hotel apartments located in Al Muntazah.,Hotel Apartments,"Rawdat Al Khail, Rawdat Al Khail, Doha",1.0,2.0,5250,70.0,Rawdat Al Khail,Doha,Mid-Range,3,2
Luxurious Fully Furnished 2BHK Flat at Lusail,Apartment,"Lusail Marina Heights, Marina District, Lusail",2.0,3.0,10000,100.0,Marina District,Lusail,Budget,0,0
2 BHK Flat For Rent in Muaither Near Saudia Hyper,Apartment,"Muaither Area, Al Rayyan, Doha",2.0,2.0,4250,130.0,Al Rayyan,Doha,Budget,0,0
Spacious Fully Furnished 1BHK -Al Mirqab Al Jadeed,Apartment,"Bin Al Sheikh Towers, Al Mirqab Al Jadeed, Doha",1.0,2.0,6500,105.0,Al Mirqab Al Jadeed,Doha,Budget,0,0
NO COMMISSION BRAND NEW 2 BHK IN ALKHOR,Apartment,"Al Khor Community, Al Khor",2.0,2.0,4800,148.0,Al Khor Community,Al Khor,Budget,0,0
Luxurious Fully Furnished 2BHK Flat at Lusail,Apartment,"Al Erkyah City, Lusail",2.0,3.0,6500,136.0,Al Erkyah City,Lusail,Budget,0,0
Fully Furnished 3-Bedroom Compound Apartment !!,Apartment,"Al Nasr Street, Al Nasr, Doha",3.0,3.0,7000,115.0,Al Nasr,Doha,Budget,0,0
FULLY FURNISHED 2-BHK THE PEARL | PLAYGROUND VIEW,Apartment,"Giardino Apartments, The Pearl Island, Doha",2.0,3.0,8500,90.0,The Pearl Island,Doha,Budget,0,0
F/FURNISHED /NOCOMMISSION+Q-COOL/Promo,Apartment,"The Residence Tower, Diplomatic Street, West Bay, Doha",2.0,3.0,9500,147.0,West Bay,Doha,Budget,0,0
FULLY FURNISHED / NO COMMISSION/+PROMO,Apartment,"AL Maha Residential Complex, New Al Hitmi, Fereej Bin Omran, Doha",2.0,3.0,7500,120.0,Fereej Bin Omran,Doha,Budget,0,0
Fully Furnished | Commission-Free,Apartment,"The Eight Downtown, Al Sadd, Doha",2.0,3.0,7988,117.0,Al Sadd,Doha,Budget,0,0
FF 2BHK ! All Inclusive ! Short and Long Term,Apartment,"Al Wakra, Al Wakra, Al Wakrah, Al Wakra",2.0,2.0,5000,120.0,Al Wakrah,Al Wakra,Budget,0,0
FF 4BHK ! All Inclusive ! Short and Long Term,Villa,"Old Airport Road, Old Airport Road, Doha",4.0,3.0,10500,550.0,Old Airport Road,Doha,Luxury,1,1
STUNNING 5-BEDROOM VILLA | 1 MONTH FREE,Villa,"Mirage Villas, Al Waab, Al Waab, Doha",5.0,5.0,15000,350.0,Al Waab,Doha,Luxury,1,1
Great Deal 3BR Apartment w/ Pool&Gym/ No Commissio,Apartment,"Al Bedaiya Residential Compound, Al Rayyan, Doha",3.0,2.0,9000,150.0,Al Rayyan,Doha,Budget,0,0
SPACIOUS 5-BEDROOM VILLA | NEAR LANDMARK MALL,Villa,"Street 871, Al Duhail South, Al Duhail, Doha",5.0,4.0,14000,350.0,Al Duhail,Doha,Luxury,1,1
Short / Long Term Fully furnished 2BHK all inclus,Apartment,"Old Airport Road, Doha",2.0,2.0,5000,1.0,Old Airport Road,Doha,Budget,0,0
SPACIOUS 5-BHK WITH PRIVATE POOL | STUNNING VILLA,Villa,"Bu Hamour Street, Abu Hamour, Doha",5.0,5.0,15000,349.0,Abu Hamour,Doha,Luxury,1,1
2-BHK SERVICED APT | 1 MONTH FREE | NEAR METRO,Apartment,"Al Mansoura, Al Mansoura, Doha",2.0,2.0,6500,78.0,Al Mansoura,Doha,Budget,0,0
STUNNING 2 BHK | 1 MONTH FREE | ALL BILLS INCLUDED,Apartment,"Mirage Residence 2, Al Mansoura, Doha",2.0,2.0,6500,78.0,Al Mansoura,Doha,Budget,0,0
MODERN LIVING | ELEGANT 1 BHK | ALL BILLS INCLUDED,Apartment,"Al Erkyah City, Lusail",1.0,2.0,6500,114.0,Al Erkyah City,Lusail,Budget,0,0
Modern 1BR Apartment | Prime Location | West Bay,Apartment,"West Bay, West Bay, Doha",1.0,2.0,8000,110.0,West Bay,Doha,Budget,0,0
2BHK Furnished | Bills Inc | 2Years Deal,Apartment,"Al Nasr Street, Al Nasr, Doha",2.0,3.0,6400,95.0,Al Nasr,Doha,Budget,0,0
Luxury 3BHK in Al Corniche Road First Tenant,Apartment,"Citadel Corniche 72, C-Ring, Doha",3.0,4.0,7750,150.0,C-Ring,Doha,Budget,0,0
1BR | AMAZING LOCATION | FF | BILLS INC | GYM+POOL,Apartment,"Rawdat Al Khail, Rawdat Al Khail, Doha",1.0,1.0,5000,90.0,Rawdat Al Khail,Doha,Budget,0,0
Luxury finishing 2bhk well maintained SF PA,Apartment,"Tower 16, Porto Arabia, The Pearl Island, Doha",2.0,3.0,9750,180.0,The Pearl Island,Doha,Budget,0,0
SF 2BHK | First Tenant | Corniche | 3 Months Free,Apartment,"Le mirage corniche, Ras Abu Aboud, Doha",2.0,3.0,6166,110.0,Ras Abu Aboud,Doha,Budget,0,0
3 Months FREE | 2 BHK | Corniche | BOOK NOW,Apartment,"Le mirage corniche, Ras Abu Aboud, Doha",2.0,3.0,6888,115.0,Ras Abu Aboud,Doha,Budget,0,0
New 2BHK FF + Maids Rm nr Corniche + 3months FREE!,Apartment,"Citadel Corniche 72, C-Ring, Doha",2.0,3.0,6667,125.0,C-Ring,Doha,Budget,0,0
New 2BHK FF w/ Balcony nr Corniche + 3months FREE!,Apartment,"Citadel Corniche 72, C-Ring, Doha",2.0,3.0,6889,125.0,C-Ring,Doha,Budget,0,0
"FF 2 BHK , PRIME LOCATION, NO COMMISSION",Apartment,"Anas Street, Fereej Bin Mahmoud North, Fereej Bin Mahmoud, Doha",2.0,2.0,5750,110.0,Fereej Bin Mahmoud,Doha,Budget,0,0
Brand new 6 Bedroom Villa for Rent in Al Kheesa,Compound,"Al Kheesa, Al Kheesa, Umm Salal Mohammed",6.0,6.0,9500,400.0,Al Kheesa,Umm Salal Mohammed,Luxury,2,1
Flat FF​ 2BHK+1month​ free in Corniche Doha,Apartment,"Citadel Corniche 72, C-Ring, Doha",2.0,3.0,6923,130.0,C-Ring,Doha,Budget,0,0
2BD + maid’s room | Bills Included | No commission,Apartment,"Le Mirage Icon, Fereej Bin Mahmoud, Doha",2.0,4.0,11000,120.0,Fereej Bin Mahmoud,Doha,Budget,0,0
SPACIOUS | FREE WIFI | NO COMMISSION | NEAR METRO,Apartment,"Najma Street, Najma, Doha",2.0,2.0,4500,80.0,Najma,Doha,Budget,0,0
1BHK penthouse near Metro Link-NO COMMISSION,Apartment,"Old Airport Road, Old Airport Road, Doha",1.0,1.0,3200,60.0,Old Airport Road,Doha,Budget,0,0
2BHK in Al Kheesa – 5000qar - One month free,Apartment,"Al Kheesa, Umm Salal Mohammed",2.0,2.0,5000,80.0,Al Kheesa,Umm Salal Mohammed,Budget,0,0
BRAND NEW  | UTILITIES INCLUDED I No Agency Fees,Apartment,"Fox Hills, Lusail",1.0,1.0,7500,98.0,Fox Hills,Lusail,Budget,0,0
Conveniently Located Furnished 2BHK Flat,Apartment,"EB09, Umm Ghuwailina, Doha",2.0,2.0,4450,90.0,Umm Ghuwailina,Doha,Budget,0,0
Cozy FF 1 Bedroom + Office/ Qatar Cool Included,Apartment,"Tower 15, Porto Arabia, The Pearl Island, Doha",1.0,2.0,9000,120.0,The Pearl Island,Doha,Budget,0,0
Monthly Rates in Hotel Room inside a 5 Star Resort,Hotel Apartments,"Salwa Road, Doha",1.0,1.0,5500,45.0,Salwa Road,Doha,Mid-Range,3,2
1BR Villa Upper Floor inside a 5 Star Resort,Hotel Apartments,"Salwa Road, Doha",1.0,2.0,7500,122.0,Salwa Road,Doha,Mid-Range,3,2
2 BD + Maid at Abraj Bay | Utilities Included!,Apartment,"Abraj Bay, Abraj Quartiers, The Pearl Island, Doha",2.0,3.0,13923,165.0,The Pearl Island,Doha,Budget,0,0
One Bed Room For Rent - All Inclusive,Apartment,"New Doha, Doha",1.0,1.0,5000,80.0,New Doha,Doha,Budget,0,0
Partial Sea View | FF | 1 Month free,Apartment,"Falcon Tower, Diplomatic Street, West Bay, Doha",3.0,2.0,14296,247.0,West Bay,Doha,Budget,0,0
1Bedroom + Office | 3Months free |,Apartment,"Floresta Gardens, Floresta Gardens, The Pearl Island, Doha",1.0,2.0,7950,89.0,The Pearl Island,Doha,Budget,0,0
Luxury Apartment | 1 MONTHS FREE |,Apartment,"Falcon Tower, Diplomatic Street, West Bay, Doha",1.0,1.0,8327,85.0,West Bay,Doha,Budget,0,0
Fully Furnished | 2 MONTH FREE |,Apartment,"Floresta Gardens, Floresta Gardens, The Pearl Island, Doha",2.0,2.0,10120,137.0,The Pearl Island,Doha,Budget,0,0
Skyline | NO COMM | 2 MONTH FREE |FULLY FURNISHED,Apartment,"Floresta Gardens, Floresta Gardens, The Pearl Island, Doha",3.0,4.0,18429,195.0,The Pearl Island,Doha,Luxury,0,1
NO COMM| 2BEDROOM | 2MONTH FREE | FULLY FURNISHED,Apartment,"Floresta Gardens, Floresta Gardens, The Pearl Island, Doha",2.0,3.0,12571,147.0,The Pearl Island,Doha,Budget,0,0
BARAHA TOWN | ONE BED ROOM APARTMENT,Apartment,"Abu Hamour, Doha",1.0,1.0,6500,91.0,Abu Hamour,Doha,Budget,0,0
Modern Comfort in Al Wakra: Fully Furnished 1BHK,Apartment,"Ezdan Villages North 1, Ezdan Village, Al Wakra",1.0,1.0,2800,41.0,Ezdan Village,Al Wakra,Budget,0,0
Elegant 2-Bedroom Apartment – Fully Equipped,Apartment,"Ezdan Villages South, Ezdan Village, Al Wakra",2.0,2.0,3600,93.0,Ezdan Village,Al Wakra,Budget,0,0
3 BHK – Fully Furnished – Family-Friendly Layout,Apartment,"Ezdan Villages North 1, Ezdan Village, Al Wakra",3.0,2.0,4450,116.0,Ezdan Village,Al Wakra,Budget,0,0
New Spacious Apt 1BR Semi Furnished /The Pearl,Apartment,"West Porto Drive, Porto Arabia, The Pearl Island, Doha",1.0,2.0,8000,100.0,The Pearl Island,Doha,Budget,0,0
Sea View | FF | 2 MONTH FREE|,Apartment,"Floresta Gardens, Floresta Gardens, The Pearl Island, Doha",2.0,2.0,10040,137.0,The Pearl Island,Doha,Budget,0,0
1BHK Near Msheireb | Excellent New Building,Apartment,"Fereej Abdul Aziz, Fereej Abdul Aziz, Doha",1.0,2.0,3750,50.0,Fereej Abdul Aziz,Doha,Budget,0,0
BRAND NEW | SF | 2 MONTH FREE| BILLS INCLUDED,Apartment,"Floresta Gardens, Floresta Gardens, The Pearl Island, Doha",1.0,2.0,8464,87.0,The Pearl Island,Doha,Budget,0,0
BRAND NEW PENTHOUSE| 1 MONTHS FREE,Apartment,"Floresta Gardens, Floresta Gardens, The Pearl Island, Doha",3.0,4.0,21096,195.0,The Pearl Island,Doha,Luxury,0,1
NO COMMISSION 2 BEDROOM  BILLS INCLUDED 2 MONTH FREE,Apartment,"Floresta Gardens, Floresta Gardens, The Pearl Island, Doha",3.0,4.0,22019,195.0,The Pearl Island,Doha,Luxury,0,1
NO COMMISSION | 2 MONTHS FREE | SEMI FURNISHED,Apartment,"Floresta Gardens, Floresta Gardens, The Pearl Island, Doha",2.0,3.0,10000,118.0,The Pearl Island,Doha,Budget,0,0
NO COMM | FF | 2 MONTH FREE|,Apartment,"Floresta Gardens, Floresta Gardens, The Pearl Island, Doha",2.0,2.0,9880,137.0,The Pearl Island,Doha,Budget,0,0
2 bedroom Close to the Hilton  Double Tree,Apartment,"Al Mana Residence, Al Kinana Street, Al Sadd, Doha",2.0,2.0,6000,105.0,Al Sadd,Doha,Budget,0,0
Modern FF 5BR Beach Front Villa + Private Pool,Villa,"Abraj Bay, Abraj Quartiers, The Pearl Island, Doha",5.0,5.0,41000,630.0,The Pearl Island,Doha,Luxury,1,1
Stunning 3 BR Townhouse Simplex + Private Pool!,Townhouse,"Abraj Bay, Abraj Quartiers, The Pearl Island, Doha",3.0,4.0,25500,195.0,The Pearl Island,Doha,Luxury,4,1
UF 2-BHK for family in Peaceful area-NO COMMISSION,Apartment,"Muaither Area, Al Rayyan, Doha",2.0,1.0,3700,80.0,Al Rayyan,Doha,Budget,0,0
1BR + Office at Abraj Bay | Utilities Included!,Apartment,"Abraj Bay, Abraj Quartiers, The Pearl Island, Doha",1.0,2.0,11500,132.0,The Pearl Island,Doha,Budget,0,0
3 BHK – Fully Furnished – Airy Living Spaces,Apartment,"Ezdan Villages North 1, Ezdan Village, Al Wakra",3.0,2.0,4900,118.0,Ezdan Village,Al Wakra,Budget,0,0
3 BHK – Fully Furnished – Contemporary Interiors,Apartment,"Ezdan Villages North 1, Ezdan Village, Al Wakra",3.0,2.0,4900,116.0,Ezdan Village,Al Wakra,Budget,0,0
3 BHK – Fully Furnished – Spacious Bedrooms,Apartment,"Ezdan Villages North 1, Ezdan Village, Al Wakra",3.0,2.0,5100,115.0,Ezdan Village,Al Wakra,Budget,0,0
3 BHK – Fully Furnished – Refined Bedrooms,Apartment,"Ezdan Villages North 1, Ezdan Village, Al Wakra",3.0,2.0,4450,118.0,Ezdan Village,Al Wakra,Budget,0,0
Brand New Furniture | Sea View | 1 Month free,Apartment,"Falcon Tower, Diplomatic Street, West Bay, Doha",1.0,1.0,8327,89.0,West Bay,Doha,Budget,0,0
Spacious 1-BHK Penthouse-Metro link-NO COMMISSION,Apartment,"Mamoura 18, Al Maamoura, Doha",1.0,1.0,3500,40.0,Al Maamoura,Doha,Budget,0,0
Premium Fully Furnished Apartment in Baraha Town--,Apartment,"Abu Hamour, Doha",1.0,2.0,6500,91.0,Abu Hamour,Doha,Budget,0,0
FF 1-Bhk near METRO STATION- ALL BILLS INCLUDED,Apartment,"Salaja Street, Doha Al Jadeed, Doha",1.0,2.0,4000,60.0,Doha Al Jadeed,Doha,Budget,0,0
"2 Beds Furnished w/ Pool,Gym -No commission",Apartment,"Les Roses Executive Apartments 3, Al Mansoura, Doha",2.0,2.0,6100,200.0,Al Mansoura,Doha,Budget,0,0
3Beds-Fully Furnished w/Pool & Gym-No commission,Apartment,"Les Roses Executive Apartments 3, Al Mansoura, Doha",3.0,3.0,7100,200.0,Al Mansoura,Doha,Budget,0,0
Fully furnished 3 bedroom flat with scenic view,Apartment,"Seef Lusail, Lusail City, Lusail",3.0,3.0,18000,180.0,Lusail City,Lusail,Luxury,0,1
1 BR Apt! Al Jasra Residence | UTILITIES INCLUDED!,Apartment,"D22, Fox Hills, Lusail",1.0,2.0,7103,106.0,Fox Hills,Lusail,Budget,0,0
Premium 1 BR! Al Jasra Residence | BILLS INCLUDED!,Apartment,"Marina Residence 15, Marina District, Lusail",1.0,2.0,7569,90.0,Marina District,Lusail,Budget,0,0
Luxury 2BD + Laundry at Abraj Bay | Bills Included,Apartment,"Abraj Bay, Abraj Quartiers, The Pearl Island, Doha",2.0,3.0,13429,165.0,The Pearl Island,Doha,Budget,0,0
1BR Apt at Abraj Bay Utilities Included | Act Now!,Apartment,"Abraj Bay, Abraj Quartiers, The Pearl Island, Doha",1.0,1.0,9750,89.0,The Pearl Island,Doha,Budget,0,0
FF 2BR Townhouse - Simplex | Utilities Included!,Townhouse,"Abraj Bay, Abraj Quartiers, The Pearl Island, Doha",2.0,3.0,12571,133.0,The Pearl Island,Doha,Mid-Range,4,2
Elegant FF 5BR Beach Front Villa + Private Pool,Villa,"Abraj Bay, Abraj Quartiers, The Pearl Island, Doha",5.0,5.0,41000,630.0,The Pearl Island,Doha,Luxury,1,1
STUNNING 4 BEDROOMS DUPLEX WITH FULL MARINA VIEW,Townhouse,"Tower 4, Porto Arabia, The Pearl Island, Doha",4.0,3.0,16500,300.0,The Pearl Island,Doha,Luxury,4,1
1 MONTH FREE | SUPERB 1 BEDROOM | FULL MARINA VIEW,Townhouse,"Tower 6, Porto Arabia, The Pearl Island, Doha",1.0,2.0,8000,130.0,The Pearl Island,Doha,Mid-Range,4,2
NO COMMISSION | INCLUDING UTILITIES | 1 MONTH FREE,Apartment,"Fox Hills, Fox Hills, Lusail",1.0,2.0,5600,84.0,Fox Hills,Lusail,Budget,0,0
"3BR Hall flat. C Ring Road, Behind Gulf Times",Apartment,"Dareem Street, Al Hilal East, Al Hilal, Doha",3.0,3.0,6500,120.0,Al Hilal,Doha,Budget,0,0
For Rent - Townhouse in The Pearl NO COMMISSION!,Townhouse,"The Pearl Island, Doha",4.0,3.0,17000,320.0,The Pearl Island,Doha,Luxury,4,1
LUXURY SERVICED APARTMENT-NO COMM - BILLS INCLUDED,Hotel Apartments,"Fraser Suites, Corniche Road, Doha",1.0,2.0,11000,120.0,Corniche Road,Doha,Mid-Range,3,2
Spacious 3 Bedroom Compound Villa In Al Sakama,Compound,"Al Sakhama, Doha",3.0,4.0,7500,250.0,Al Sakhama,Doha,Luxury,2,1
"Les Roses 1 and 2 - Lease 24 Months, Enjoy 26!",Compound,"Les Roses Compound 1, Al Waab, Doha",4.0,6.0,15999,316.0,Al Waab,Doha,Luxury,2,1
3 BHK – Fully Furnished – Premium Amenities,Apartment,"Ezdan Villages North 1, Ezdan Village, Al Wakra",3.0,2.0,4900,117.0,Ezdan Village,Al Wakra,Budget,0,0
LUXURY SERVICED APARTMENT - NO COMM - ALL INCLUDED,Hotel Apartments,"Fraser Suites, Corniche Road, Doha",1.0,1.0,9000,100.0,Corniche Road,Doha,Mid-Range,3,2
FULY - FURN | NO COMM | BRAND NEW | 2 MONTH FREE|,Apartment,"Floresta Gardens, The Pearl Island, Doha",2.0,3.0,11886,118.0,The Pearl Island,Doha,Budget,0,0
LUXURY SERVICED APARTMENT AT OLD SALATA - NO COMM,Hotel Apartments,"Old Salata, Salata, Doha",1.0,2.0,11000,120.0,Salata,Doha,Mid-Range,3,2
Fully Furnished 2BR Unit with a Cozy Feel,Apartment,"Ezdan Villages South, Ezdan Village, Al Wakra",2.0,2.0,3400,88.0,Ezdan Village,Al Wakra,Budget,0,0
Furnished apartments with a Ramadan feel at Ezdan,Apartment,"Ezdan Villages North 2, Ezdan Village, Al Wakra",4.0,4.0,7400,196.0,Ezdan Village,Al Wakra,Luxury,0,1
Family living with complete facilities in Ramadan,Apartment,"Ezdan Villages North 1, Ezdan Village, Al Wakra",4.0,4.0,7400,193.0,Ezdan Village,Al Wakra,Luxury,0,1
Move-in-ready furnished apartments this Ramadan,Apartment,"Ezdan Villages North 2, Ezdan Village, Al Wakra",4.0,4.0,7400,194.0,Ezdan Village,Al Wakra,Luxury,0,1
A calmer Ramadan in furnished Ezdan Villages,Apartment,"Ezdan Villages North 2, Ezdan Village, Al Wakra",4.0,3.0,7400,195.0,Ezdan Village,Al Wakra,Budget,0,0
Family living with complete facilities in Ramadan,Apartment,"Ezdan Villages North 2, Ezdan Village, Al Wakra",4.0,3.0,6700,198.0,Ezdan Village,Al Wakra,Budget,0,0
A calmer Ramadan in furnished Ezdan Villages,Apartment,"Ezdan Villages North 2, Ezdan Village, Al Wakra",4.0,3.0,6700,194.0,Ezdan Village,Al Wakra,Budget,0,0
Ezdan Villages | Families Gather This Ramadan,Apartment,"Ezdan Villages North 1, Ezdan Village, Al Wakra",4.0,3.0,7400,194.0,Ezdan Village,Al Wakra,Budget,0,0
Fully furnished apartments at Ezdan Villages North,Apartment,"Ezdan Villages North 1, Ezdan Village, Al Wakra",4.0,3.0,7400,195.0,Ezdan Village,Al Wakra,Budget,0,0
Ramadan Spirit at Ezdan | All-Inclusive Homes,Apartment,"Ezdan Villages North 1, Ezdan Village, Al Wakra",1.0,1.0,2800,47.0,Ezdan Village,Al Wakra,Budget,0,0
Ramadan in a ready-to-live home,Apartment,"Ezdan Villages North 1, Ezdan Village, Al Wakra",1.0,1.0,2800,46.0,Ezdan Village,Al Wakra,Budget,0,0
1 BHK – Fully Furnished – Airy Living Spaces,Apartment,"Ezdan Villages North 1, Ezdan Village, Al Wakra",1.0,1.0,2800,44.0,Ezdan Village,Al Wakra,Budget,0,0
Stylish 1BR Apartment | West Walk View | Furnished,Apartment,"West Walk, Al Waab, Doha",1.0,2.0,7000,84.0,Al Waab,Doha,Budget,0,0
International Brand 1BHK Serviced Apartment,Apartment,"C-Ring, Doha",1.0,1.0,6500,50.0,C-Ring,Doha,Budget,0,0
Your Comfortable 1-Bedroom Starts Here,Apartment,"Ezdan Villages North 2, Ezdan Village, Al Wakra",1.0,1.0,2700,43.0,Ezdan Village,Al Wakra,Budget,0,0
A 4-Bedroom Villa That Feels Like Home,Apartment,"Ezdan Villages South, Ezdan Village, Al Wakra",4.0,4.0,6550,201.0,Ezdan Village,Al Wakra,Luxury,0,1
Designed for Family Life – 4 Bedrooms,Apartment,"Ezdan Villages South, Ezdan Village, Al Wakra",4.0,4.0,6550,204.0,Ezdan Village,Al Wakra,Luxury,0,1
A Well-Planned 2-Bedroom Home in Al Wakrah,Apartment,"Ezdan Villages South, Ezdan Village, Al Wakra",2.0,2.0,3400,87.0,Ezdan Village,Al Wakra,Budget,0,0
A Practical 1-Bedroom Designed for Daily Comfort,Apartment,"Ezdan Villages South, Ezdan Village, Al Wakra",1.0,1.0,2700,45.0,Ezdan Village,Al Wakra,Budget,0,0
Everything Ready in a Stylish 1-Bedroom,Apartment,"Ezdan Villages South, Ezdan Village, Al Wakra",1.0,1.0,2700,45.0,Ezdan Village,Al Wakra,Budget,0,0
Ready-to-Move Furnished Apartment at Ezdan Oasis,Apartment,"Ezdan Oasis, Al Wukair, Al Wakra",1.0,1.0,3650,81.0,Al Wukair,Al Wakra,Budget,0,0
Ready-to-Move Furnished Apartment at Ezdan Oasis,Apartment,"Ezdan Oasis, Al Wukair, Al Wakra",2.0,2.0,4100,105.0,Al Wukair,Al Wakra,Budget,0,0
Furnished Two-Bedroom Apartment with Balcony,Apartment,"Ezdan Oasis, Al Wukair, Al Wakra",2.0,2.0,4100,103.0,Al Wukair,Al Wakra,Budget,0,0
Modern 2-Bedroom Living Done Right,Apartment,"Ezdan Villages North 1, Ezdan Village, Al Wakra",2.0,2.0,3800,94.0,Ezdan Village,Al Wakra,Budget,0,0
Comfortable 3-Bedroom Living Space,Apartment,"Ezdan Villages North 1, Ezdan Village, Al Wakra",3.0,2.0,5100,114.0,Ezdan Village,Al Wakra,Budget,0,0
2 Bedrooms Designed Around Your Life,Apartment,"Ezdan Villages North 1, Ezdan Village, Al Wakra",2.0,2.0,3700,92.0,Ezdan Village,Al Wakra,Budget,0,0
Designed for Family Life – 3 Bedrooms,Apartment,"Ezdan Villages North 1, Ezdan Village, Al Wakra",3.0,2.0,4900,116.0,Ezdan Village,Al Wakra,Budget,0,0
Balanced Living in a 3-Bedroom Home,Apartment,"Ezdan Villages North 1, Ezdan Village, Al Wakra",3.0,2.0,5100,114.0,Ezdan Village,Al Wakra,Budget,0,0
Modern 2-Bedroom Living Done Right,Apartment,"Ezdan Villages North 1, Ezdan Village, Al Wakra",2.0,2.0,3650,92.0,Ezdan Village,Al Wakra,Budget,0,0
Hassle-Free Living in a Furnished 1-Bedroom,Apartment,"Ezdan Villages North 1, Ezdan Village, Al Wakra",1.0,1.0,2800,42.0,Ezdan Village,Al Wakra,Budget,0,0
Practical Living in a 4-Bedroom Villa,Apartment,"Ezdan Villages North 1, Ezdan Village, Al Wakra",4.0,3.0,7400,156.0,Ezdan Village,Al Wakra,Budget,0,0
"More Space, Better Living – 4 Bedrooms in Al Wakra",Apartment,"Ezdan Villages North 1, Ezdan Village, Al Wakra",4.0,3.0,7400,154.0,Ezdan Village,Al Wakra,Budget,0,0
new brand 2bhk for rent in umm qarn(1month free),Apartment,"Umm Qarn, Al Daayen",2.0,2.0,4200,97.0,Umm Qarn,Al Daayen,Budget,0,0
Spacious Villa For Rent With Good Price in Messila,Compound,"Al Messila, Al Messila, Doha",3.0,4.0,10000,225.0,Al Messila,Doha,Luxury,2,1
Limited Number of Units Available - 3BHK FF,Apartment,"Al Safwa Compound, Al Wukair, Al Wakra",3.0,3.0,8500,180.0,Al Wukair,Al Wakra,Budget,0,0
Charming 1-Bedroom Fully Furnished Apartment,Apartment,"Ezdan Oasis, Al Wukair, Al Wakra",1.0,1.0,3650,82.0,Al Wukair,Al Wakra,Budget,0,0
NO COMMISSION| BRAND NEW| 2 MONTHS FREE| FULLY FUR,Apartment,"The Pearl Island, Doha",2.0,3.0,11971,118.0,The Pearl Island,Doha,Budget,0,0
LUXURY SERVICED APARTMENT-NO COMM - BILLS INCLUDED,Hotel Apartments,"Musheireb, Doha",1.0,1.0,9000,100.0,Musheireb,Doha,Mid-Range,3,2
Tala Res. | 1 BHK | 1 Months Free | No Commission,Apartment,"Tala Residence, Al Gharrafa, Doha",1.0,2.0,5000,90.0,Al Gharrafa,Doha,Budget,0,0
NO COMMISSION| 2 MONTHS FREE| BRAND NEW,Apartment,"The Pearl Island, Doha",1.0,2.0,8507,100.0,The Pearl Island,Doha,Budget,0,0
Furnished 2BHK | 3 Baths | 1 Month Free,Apartment,"Fereej Bin Mahmoud South, Fereej Bin Mahmoud, Doha",2.0,3.0,6500,105.0,Fereej Bin Mahmoud,Doha,Budget,0,0
No Commission | FF 2BHK Apartment,Apartment,"Al Mansoura, Al Mansoura, Doha",2.0,2.0,5000,120.0,Al Mansoura,Doha,Budget,0,0
Fully Furnished 2BHK Musheireb,Apartment,"Musheireb Tower, Musheireb, Musheireb, Doha",2.0,2.0,4800,120.0,Musheireb,Doha,Budget,0,0
1 Bedroom FF All incl. No commission,Apartment,"Tower 14, Viva Bahriyah, The Pearl Island, Doha",1.0,1.0,9171,127.0,The Pearl Island,Doha,Budget,0,0
2BR Luxury Apartment,Apartment,"Dusit Hotel & Suites Doha, Diplomatic Street, West Bay, Doha",2.0,3.0,12000,166.0,West Bay,Doha,Budget,0,0
Crazy Price Huge 1BDR include All Bills Balcony,Apartment,"Anas Street, Fereej Bin Mahmoud North, Fereej Bin Mahmoud, Doha",1.0,1.0,2900,65.0,Fereej Bin Mahmoud,Doha,Budget,0,0
Beachfront Villa 1 bedroom All inc FF No commiss,Villa,"Tower 14, Viva Bahriyah, The Pearl Island, Doha",1.0,2.0,12000,155.0,The Pearl Island,Doha,Budget,1,0
Hotel Suite with Kitchenette - Retaj Inn Al Wakrah,Apartment,"Al Wakrah, Al Wakra",1.0,1.0,5500,75.0,Al Wakrah,Al Wakra,Budget,0,0
Asas Twin Towers–The Ultimate Address in West Ba,Apartment,"Tower A, ASAS Twin Towers, West Bay, Doha",2.0,3.0,9000,138.0,West Bay,Doha,Budget,0,0
Unfurnished 3 bedroom apartment with parking,Apartment,"Al Muntazah, Doha",3.0,3.0,5500,180.0,Al Muntazah,Doha,Budget,0,0
Fully Furnished 1-Bedroom Executive Apartment,Hotel Apartments,"West Bay, Doha",1.0,2.0,11500,77.0,West Bay,Doha,Mid-Range,3,2
F F 2BR AT OLDAIRPORT WITH GRACE PERIOD,Apartment,"Old Airport Road, Old Airport Road, Doha",2.0,2.0,5300,100.0,Old Airport Road,Doha,Budget,0,0
Hotel Room King bed - Retaj Inn Al Wakrah,Apartment,"Al Wakrah, Al Wakra",1.0,1.0,4000,40.0,Al Wakrah,Al Wakra,Budget,0,0
Short Term Fully Furnished 2 BHK All Inclusive,Apartment,"Al Aziziyah, Al Aziziyah, Doha",2.0,2.0,4300,90.0,Al Aziziyah,Doha,Budget,0,0
Stunning brand new 4 bed villas,Compound,"Janayin Al Waab, Al Waab, Doha",4.0,6.0,20500,480.0,Al Waab,Doha,Luxury,2,1
Limited Offer | Brand New 1Br | SF | Balcony,Apartment,"Crystal Residence, Gewan Island, The Pearl Island, Doha",1.0,2.0,7000,90.0,The Pearl Island,Doha,Budget,0,0
Limited Units!! 1Br | FF | Bills Inc | Balcony,Apartment,"Giardino Apartments, The Pearl Island, Doha",1.0,2.0,6600,80.0,The Pearl Island,Doha,Budget,0,0
Fully Furnished 2+ Maid With Bills Included,Apartment,"Floresta Gardens, Floresta Gardens, The Pearl Island, Doha",2.0,3.0,10040,140.0,The Pearl Island,Doha,Budget,0,0
Luxury 2 Bedrooms | Premium Furnishing | Sea View,Apartment,"Burj DAMAC Waterfront, Waterfront Residential, The Waterfront, Lusail",2.0,2.0,10250,120.0,The Waterfront,Lusail,Budget,0,0
Limited 1Br Units !!! FF | Balconies | Sea View,Apartment,"Viva East, Viva Bahriyah, The Pearl Island, Doha",1.0,2.0,7847,90.0,The Pearl Island,Doha,Budget,0,0
Last Units !!! 1 Br | SF | Balconies | Sea View,Apartment,"Viva West, Viva Bahriyah, The Pearl Island, Doha",1.0,2.0,6923,89.0,The Pearl Island,Doha,Budget,0,0
Amazing Sea View 2 Bedroom Apartment for Rent,Apartment,"Viva West, Viva Bahriyah, The Pearl Island, Doha",2.0,3.0,8500,142.0,The Pearl Island,Doha,Budget,0,0
PREMIUM 1-BR| NO COMM|BILLS DONE|BALCONY |SEA VIEW,Apartment,"Abraj Bay, Abraj Quartiers, The Pearl Island, Doha",1.0,1.0,9750,100.0,The Pearl Island,Doha,Budget,0,0
DIRECT SEA VIEW 5 BRS VILLA + MAID BEACH ACCESS,Villa,"West Bay Lagoon Villas, West Bay Lagoon, West Bay Lagoon, Doha",5.0,7.0,24000,460.0,West Bay Lagoon,Doha,Luxury,1,1
MARINA VIEW/SPACIOUS AND FULLY FURNISHED 2 BHK,Apartment,"East Porto Drive, Porto Arabia, The Pearl Island, Doha",2.0,3.0,11000,220.0,The Pearl Island,Doha,Budget,0,0
Crystal Residence 1BHK Sea View Semi Furnished,Apartment,"Crystal Residence, Gewan Island, The Pearl Island, Doha",1.0,2.0,8500,90.0,The Pearl Island,Doha,Budget,0,0
2 Bedrooms With Balcony. Marina View,Apartment,"West Porto Drive, Porto Arabia, The Pearl Island, Doha",2.0,3.0,9500,173.0,The Pearl Island,Doha,Budget,0,0
All Bills Included | 3 + Maids room Apartment,Apartment,"Giardino Apartments, The Pearl Island, Doha",3.0,3.0,13500,200.0,The Pearl Island,Doha,Budget,0,0
All Bills Included | Fully Furnished 1BR Apartment,Apartment,"Giardino Apartments, The Pearl Island, Doha",1.0,2.0,7000,80.0,The Pearl Island,Doha,Budget,0,0
Luxury Furnished 3BR + Maid | West Bay | For Rent,Apartment,"West Bay Tower, West Bay, West Bay, Doha",3.0,4.0,14000,130.0,West Bay,Doha,Budget,0,0
NO COMM | BILLS FREE FOR 1 BDR | 1 MONTH FREE,Apartment,"Lusail Marina Heights, Marina District, Lusail",1.0,2.0,7338,87.0,Marina District,Lusail,Budget,0,0
FREE MONTH! HUGE 1 BEDROOM | BRAND NEW+WIFI,Apartment,"La Plage South, La Plage, The Pearl Island, Doha",1.0,2.0,8769,145.0,The Pearl Island,Doha,Budget,0,0
FREE MONTH! HUGE 1 BED | BALCONY | BRAND NEW+WIFI,Apartment,"La Plage South, La Plage, The Pearl Island, Doha",1.0,2.0,8308,145.0,The Pearl Island,Doha,Budget,0,0
3+MAID | SEA VIEW | 3 BIG BALCONY | BILLS DONE,Apartment,"Floresta Gardens, Floresta Gardens, The Pearl Island, Doha",3.0,5.0,13804,185.0,The Pearl Island,Doha,Luxury,0,1
Hot Offer ! Fully Furnished 2+ Maid | BILLS DONE,Apartment,"Floresta Gardens, Floresta Gardens, The Pearl Island, Doha",2.0,4.0,9560,140.0,The Pearl Island,Doha,Budget,0,0
Month Free | 3-BDR Villa | Maid’s Room,Compound,"Al Waab Street, Al Waab, Doha",3.0,3.0,16850,300.0,Al Waab,Doha,Luxury,2,1
