title,type,price,location,bedrooms,bathrooms,area
Modern 3 BHK APT | Fully Furnished | In Al Mansura,Apartment,"7,000 QAR/month","Al Mansoura, Al Mansoura, Doha",3,3,200 sqm
Bills Included | Luxury 1 Bedroom | No Commission,Apartment,"7,569 QAR/month","Lusail Residence, Marina District, Lusail",1,2,86 sqm
LUXURY 2BR | MARINA VIEW | PORTO ARABIA | For Rent,Apartment,"10,000 QAR/month","East Porto Drive, Porto Arabia, The Pearl Island, Doha",2,3,175 sqm
LUSAIL NEW 1BHK FURNISHED SHORT TERM RENT NO FEE,Apartment,"5,500 QAR/month","Al Erkyah City, Lusail",1,2,60 sqm
"LUSAIL 1BHK SHORT TERM OPTION BILLS INCL, POOL GYM",Apartment,"5,500 QAR/month","Al Erkyah City, Lusail",1,2,60 sqm
Elegant 3 BR | Full Sea View | Don’t Miss Out,Apartment,"14,000 QAR/month","Tower 29, Viva Bahriyah, The Pearl Island, Doha",3,4,190 sqm
LUSAIL 1BHK POOL GYM SHORT OR YEARLY RENT DEAL,Apartment,"5,500 QAR/month","Al Erkyah City, Lusail",1,2,60 sqm
FULLY FURNISHED | 1 BEDROOM | BILLS INCLUDED,Apartment,"7,620 QAR/month","West Porto Drive, Porto Arabia, The Pearl Island, Doha",1,2,90 sqm
SHORT TERM 1BHK LUSAIL POOL GYM BILLS INCLUDED,Apartment,"5,500 QAR/month","Al Erkyah City, Lusail",1,2,60 sqm
Offer!!! 1 Br | SF | Closed Balcony | Low Floor,Apartment,"6,000 QAR/month","Viva East, Viva Bahriyah, The Pearl Island, Doha",1,2,90 sqm
BRAND NEW | SPACIOUS | 2 BEDROOMS | FF | MARINA,Apartment,"10,000 QAR/month","Lusail Residence, Marina District, Lusail",2,3,150 sqm
Picturesque 1 Bedroom | Modern Living | Great Deal,Apartment,"9,000 QAR/month","Crystal Residence, Gewan Island, The Pearl Island, Doha",1,2,90 sqm
LUXURY 1BHK DOHA JADEEDA POOL GYM BILLS INCL,Apartment,"4,700 QAR/month","Banks street, Musheireb, Doha",1,2,60 sqm
POOL GYM BILLS INCL FURNISHED 1BHK NO COMMISSION,Apartment,"4,700 QAR/month","Banks street, Musheireb, Doha",1,2,60 sqm
HOT DEAL | 2 BEDROOMS | FULLY FURNISHED | MARINA,Apartment,"10,000 QAR/month","Lusail Residence, Marina District, Lusail",2,3,150 sqm
STYLISH APARTMENT | 2 BEDROOMS | FULLY FURNISHED,Apartment,"8,500 QAR/month","West Bay Tower, West Bay, West Bay, Doha",2,3,150 sqm
FURNISHED 1BHK DOHA JADEEDA POOL GYM BILLS INCL,Apartment,"4,700 QAR/month","Banks street, Musheireb, Doha",1,2,60 sqm
MODERN | 2 BEDROOMS | FULLY FURNISHED,Apartment,"8,500 QAR/month","West Bay Tower, West Bay, West Bay, Doha",2,3,150 sqm
2 BEDROOMS | NEWLY RENNOVATED | FULLY FURNISHED,Apartment,"8,500 QAR/month","West Bay Tower, West Bay, West Bay, Doha",2,3,150 sqm
PREMIUM 3BRS | FULLY FURNISHED | MOVE IN READY,Apartment,"15,000 QAR/month","Lusail Residence, Marina District, Lusail",3,4,191 sqm
NEWLY RENNOVATED | 2 BEDROOMS | FULLY FURNISHED,Apartment,"8,500 QAR/month","West Bay Tower, West Bay, West Bay, Doha",2,3,150 sqm
FURNISHED 2BHK | AL MANSOURA | NO COMMISSION,Apartment,"5,250 QAR/month","Al Mansoura, Al Mansoura, Doha",2,2,60 sqm
NO COMMISSION FURNISHED 2BHK AL MANSOURA MEERA,Apartment,"5,250 QAR/month","Al Mansoura, Al Mansoura, Doha",2,2,60 sqm
FURNISHED 2BHK AL MANSOURA NEAR AL MEERA NO FEE,Apartment,"5,250 QAR/month","Al Mansoura, Al Mansoura, Doha",2,2,60 sqm
Renovated Luxurious Two Bedroom Apt in Zig Zag,Apartment,"6,500 QAR/month","Zig Zag Tower A, Zig Zag Towers, West Bay, Doha",2,2,100 sqm
Spacious UF 3 BR with Balcony at Prime Location,Apartment,"6,500 QAR/month","Musheireb Apartments, Musheireb, Doha",3,3,160 sqm
Bills Included | High-Quality Finishes | Sea View,Apartment,"15,000 QAR/month","Crystal Residence, Gewan Island, The Pearl Island, Doha",2,4,160 sqm
Best Value 3BR FF | Ideal for Families | Najma,Apartment,"6,500 QAR/month","Najma 28, Ibn Dirhem Street, Najma, Doha",3,2,150 sqm
Spacious 5-Bedroom Furnished Villa + Maid Room,Villa,"41,000 QAR/month","Abraj Bay, Abraj Quartiers, The Pearl Island, Doha",5,6,651 sqm
Spacious FF 2 Bedroom Apartment  | Lusail City,Apartment,"9,500 QAR/month","Seef Waterfront, Lusail City, Lusail",2,2,160 sqm
Furnished 2 Bedroom Apt I Seaview I Bills Included,Apartment,"13,500 QAR/month","Floresta Gardens, Floresta Gardens, The Pearl Island, Doha",2,3,130 sqm
2 MONTHS & BILLS FREE| BEACHFRONT & PRIVATE POOL,Villa,"41,000 QAR/month","Abraj Bay, Abraj Quartiers, The Pearl Island, Doha",5,6,300 sqm
FURNISHED 2BHK NAJMA CLOSE TO AIRPORT ROAD NO FEE,Apartment,"5,000 QAR/month","Capital One Building, Najma, Doha",2,2,100 sqm
Luxury 3BHK + Maid | Al Nasr | Full Amenities,Apartment,"10,500 QAR/month","Al Nasr Street, Al Nasr, Doha",3,4,140 sqm
4-Bedroom Villa| Ain Khalid Gate | Fully Furnished,Villa,"15,000 QAR/month","Ain Khalid Gate, Ain Khaled, Doha",4,4,240 sqm
LUXURY 1 BHK APT | PRIME LOCATION | HIGHEST FLOOR,Apartment,"7,000 QAR/month","Marina Tower 23, Marina District, Lusail",1,2,100 sqm
LUXURY 2 BHK APT| PANORAMIC VIEW | HIGH FLOOR,Apartment,"10,000 QAR/month","Burj DAMAC Marina, Marina District, Lusail",2,3,150 sqm
FULLY FURNISHED | 2 BEDROOMS | READY FOR OCCUPANCY,Apartment,"9,800 QAR/month","Residential D5, Fox Hills South, Fox Hills, Lusail",2,2,150 sqm
MOVE IN READY | FULLY FURNISHED | 2 BEDROOMS,Apartment,"9,858 QAR/month","Lusail Residence, Marina District, Lusail",2,3,128 sqm
FF Modern 2BR | Exclusive Privileges,Apartment,"12,500 QAR/month","Alfardan Residential Tower, Alfardan Towers, West Bay, Doha",2,3,185 sqm
3 FBR Apt | Resort-Style Living and Privileges,Apartment,"15,000 QAR/month","Al Gassar Resort, West Bay, Doha",3,4,186 sqm
Bills Included | Luxury 1BR+Office | Premium Tower,Apartment,"8,030 QAR/month","Floresta Gardens, Floresta Gardens, The Pearl Island, Doha",1,2,89 sqm
Modern 2FBR Apartment | Bin Mahmoud,Apartment,"8,500 QAR/month","Home-Al Fina’a, Abdullah Bin Masoud Street, Fereej Bin Mahmoud, Doha",2,2,143 sqm
Modern 2FBR Apartment | Exclusive Privileges,Apartment,"12,000 QAR/month","Al Gassar Resort, West Bay, Doha",2,3,125 sqm
BRAND NEW | 2 BEDROOMS | FF | CITY VIEW,Apartment,"10,000 QAR/month","Lusail Residence, Marina District, Lusail",2,3,150 sqm
AC+Gas Included | Mesaimeer City | Studio,Apartment,"2,725 QAR/month","Barwa City, Mesaimeer, Doha",studio,1,31 sqm
READY TO MOVE IN | BRAND NEW | 2 BEDROOMS,Apartment,"10,000 QAR/month","Lusail Residence, Marina District, Lusail",2,3,150 sqm
BILLS INCLUDED | BRAND NEW 2BR | HOTEL FACILITIES,Apartment,"12,000 QAR/month","West Bay Tower, West Bay, West Bay, Doha",2,3,110 sqm
BILLS + WIFI INCLUDED W/ AMENITIES | FURNISHED 1BR,Apartment,"4,500 QAR/month","Al Mansoura, Al Mansoura, Doha",1,2,100 sqm
LUXURIOUS TWO-BEDROOM | BALCONY | SEA VIEW,Apartment,"13,000 QAR/month","Imperial Diamond, Viva Bahriyah, The Pearl Island, Doha",2,3,210 sqm
Brand New Studio Available For Rent in Gharraffa,Apartment,"2,800 QAR/month","Souk Al gharaffa, Al Gharrafa, Doha",studio,1,50 sqm
LUXURIOUS | 1 BEDROOM | WITH PRIVATE GARDEN,Apartment,"10,179 QAR/month","La Plage South, La Plage, The Pearl Island, Doha",1,2,120 sqm
Premium 2 Bedroom | Bills Included | Luxury,Apartment,"7,500 QAR/month","Piazza 2, La Piazza, Fox Hills, Lusail",2,2,100 sqm
ALL BILLS INCLUDED | FULLY FURNISHED APARTMENT,Apartment,"7,500 QAR/month","Lusail Residence, Marina District, Lusail",1,2,82 sqm
BILLS INCLUDED | LUXURY 2BR | PRIME LOCATION,Apartment,"8,000 QAR/month","Umm Ghwailina Comm, Umm Ghuwalina, Umm Ghuwailina, Doha",2,2,100 sqm
Spacious 4BR Semi-Furnished Villa |  Ain Khalid,Villa,"12,000 QAR/month","Ain Khaled Villas, Ain Khaled, Doha",4,5,370 sqm
Stylish 1-Bedroom | Balcony | Spacious Layout,Apartment,"7,500 QAR/month","East Porto Drive, Porto Arabia, The Pearl Island, Doha",1,2,90 sqm
Ready to Move | Bills Included | FF - 3BR+Maid,Apartment,"14,000 QAR/month","Floresta Gardens, Floresta Gardens, The Pearl Island, Doha",3,4,181 sqm
Luxury Apartment with Balcony - WIFI Included,Apartment,"8,300 QAR/month","La Plage South, La Plage, The Pearl Island, Doha",1,2,120 sqm
Bills/Wi-Fi Included | Limited Units | Lusail,Apartment,"10,500 QAR/month","Lusail Residence, Marina District, Lusail",2,3,111 sqm
BRAND NEW APT | AMAZING VIEW | BILLS INCLUDED,Apartment,"7,250 QAR/month","Fox Hills A13, Fox Hills, Lusail",1,2,108 sqm
Marina View | Spacious 2 Bedrooms | Huge Balcony,Apartment,"11,000 QAR/month","West Porto Drive, Porto Arabia, The Pearl Island, Doha",2,3,170 sqm
Luxury 2 Bedroom | First Occupancy,Apartment,"11,000 QAR/month","Lusail Residence, Marina District, Lusail",2,3,150 sqm
Brand New Apartment | Bills Included | 1 Bedroom,Apartment,"8,000 QAR/month","Piazza 2, La Piazza, Fox Hills, Lusail",1,2,111 sqm
BRAND NEW 2BR FULLY-FURNISHED APARTMENT,Apartment,"6,500 QAR/month","Al Nasr Street, Al Nasr, Doha",2,2,110 sqm
Spacious 3BR+Maid | Premium Residence | Al Nasr,Apartment,"10,500 QAR/month","Al Nasr Street, Al Nasr, Doha",3,4,150 sqm
Big Balcony | Bills Included | 1 Month Free,Apartment,"10,500 QAR/month","Beverly Hills Tower, West Bay, West Bay, Doha",2,3,123 sqm
Bills Included | Month Free | Fully Furnished,Apartment,"10,000 QAR/month","Regency Residence Tower, Regency Residence Tower, West Bay, Doha",2,3,158 sqm
LUXURY 2BHK + STORE | PREMIUM BUILDING | AL NASR,Apartment,"8,500 QAR/month","Al Nasr Street, Al Nasr, Doha",2,3,130 sqm
BRAND NEW | AFFORDABLE PRICE | PRIME LOCATION,Apartment,"9,000 QAR/month","Marina Tower 23, Marina District, Lusail",2,3,150 sqm
Fully furnished 2 BHK Luxury Compound Apartment,Apartment,"9,086 QAR/month","Al Waab Street, Al Waab, Doha",2,3,125 sqm
5BR and Maid Villa at Abu Hamour is now for rent!,Compound,"10,000 QAR/month","Bu Hamour Street, Abu Hamour, Doha",6,5,400 sqm
1 MONTH FREE | 4BR VILLA + M | SECURE COMPOUND,Villa,"12,923 QAR/month","Nine Pearls Compound, Al Waab, Doha",4,4,350 sqm
BILLS INCLUDED | BRAND NEW 1BR IN LUSAIL,Apartment,"6,750 QAR/month","Residential D6, Fox Hills South, Fox Hills, Lusail",1,2,101 sqm
ELEGANT SF 2BHK APARTMENT- FOX HILLS LUSAIL,Apartment,"8,000 QAR/month","D22, Fox Hills, Lusail",2,2,150 sqm
No Commission Furnished Apartment Bills Inclusive,Apartment,"12,571 QAR/month","Abraj Bay, Abraj Quartiers, The Pearl Island, Doha",2,3,166 sqm
SPACIOUS | 2BR | ALL BILLS INCLUDED | MARINA VIEW,Apartment,"12,000 QAR/month","East Porto Drive, Porto Arabia, The Pearl Island, Doha",2,3,180 sqm
BRAND NEW |2 BEDROOM + OFFICE | PRIME LOCATION,Apartment,"9,500 QAR/month","L07, Fox Hills, Lusail",2,3,159 sqm
Huge Balcony | Stunning Marina and Sea View | 2BR,Apartment,"10,500 QAR/month","West Porto Drive, Porto Arabia, The Pearl Island, Doha",2,3,145 sqm
Modern 2 Bedrooms | Brand New | No Commision,Apartment,"10,000 QAR/month","Lusail Residence, Marina District, Lusail",2,3,140 sqm
SUNLIGHT 1BR Corner Unit | Sea & Canal Views,Apartment,"8,000 QAR/month","Gondola, Qanat Quartier, The Pearl Island, Doha",1,2,120 sqm
Bills Included | 2BR Fully-furnished Apartment,Apartment,"6,750 QAR/month","Al Tarfa Residences, Fox Hills, Lusail",2,2,132 sqm
SPACIOUS 2BR NEAR D-RING ROAD AND LULU,Apartment,"4,615 QAR/month","Old Airport 43, Old Airport Road, Doha",2,2,98 sqm
Brand New Studio Available For Rent,Apartment,"2,700 QAR/month","Al Gharrafa, Al Gharrafa, Doha",studio,1,50 sqm
Premium Apartment |2BR+Maid Room| Modern Living,Apartment,"13,000 QAR/month","Crystal Residence, Gewan Island, The Pearl Island, Doha",2,4,189 sqm
SPACIOUS 1 BDR IN LUSAIL | AMAZING POOL | JACUZI,Apartment,"5,500 QAR/month","Rome, Fox Hills, Fox Hills, Lusail",1,2,130 sqm
BILLS INCLUDED | SPACIOUS 1BR WITH GYM,Apartment,"5,000 QAR/month","Najma Street, Najma, Doha",1,2,65 sqm
BRAND NEW UNIT | 1 MONTH FREE | SPACIOUS 2 BDR,Apartment,"6,499 QAR/month","Al Erkyah City, Lusail",2,3,110 sqm
ALL BILLS INCLUDED | HOUSEKEEPING | LIMiTED UNITS!,Apartment,"7,385 QAR/month","Bin Dirham 2, Al Mansoura, Doha",2,3,96 sqm
ALL BILLS INCLUDED! NEAR FAMILY PARK | 1 BEDROOM,Apartment,"5,077 QAR/month","Al Mansoura, Al Mansoura, Doha",1,1,60 sqm
MODERN | 1 BEDROOM | SEMI FURNISHED,Apartment,"7,000 QAR/month","West Porto Drive, Porto Arabia, The Pearl Island, Doha",1,2,130 sqm
3BR | Plus Maid | Furnished | West Bay | For Rent,Apartment,"14,000 QAR/month","West Bay Tower, West Bay, West Bay, Doha",3,2,130 sqm
Furnished Apartment | Bills and WIFI Included,Apartment,"10,999 QAR/month","Lusail Residence, Marina District, Lusail",2,3,160 sqm
Studio For Rent in Lusail Fox Hills,Apartment,"4,500 QAR/month","Residential D5, Fox Hills South, Fox Hills, Lusail",studio,1,60 sqm
Brand New | Gated Compound | 4 Bedroom Villa,Villa,"10,500 QAR/month","Muraikh, AlMuraikh, Doha",4,4,230 sqm
Luxurious | 1 Bedroom | La Plage | No Commission!,Apartment,"8,308 QAR/month","La Plage South, La Plage, The Pearl Island, Doha",1,2,114 sqm
Furnished 2 BHK in Bin Mahmoud,Apartment,"5,000 QAR/month","Al Jazeera Street, Fereej Bin Mahmoud North, Fereej Bin Mahmoud, Doha",2,2,65 sqm
Brand-New 5 BHK Villa + Maid’s Room | Compound ---,Villa,"12,000 QAR/month","Al Dana st, Muraikh, AlMuraikh, Doha",5,6,400 sqm
QATAR COOL FREE | STUDIO SEMI FURNISHED APARTMENT,Apartment,"6,000 QAR/month","Viva West, Viva Bahriyah, The Pearl Island, Doha",studio,1,54 sqm
LANDLORD DIRECT | New Luxury Tower | 1BR Mid Floor,Apartment,"11,000 QAR/month","FJ9 Residential Tower, Marina District, Lusail",1,1,97 sqm
NO COMMISSION | 5-STAR | 2BR+1 FF in Y Building 12,Apartment,"9,000 QAR/month","Y building 12, Al Sadd, Doha",2,2,140 sqm
Stand alone villa with 6 bedroom and outhouse,Villa,"15,000 QAR/month","Street 871, Al Duhail South, Al Duhail, Doha",6,5,10 sqm
BILLS INCLUDED | SPACIOUS 1BR | STUNNING VIEW,Apartment,"6,600 QAR/month","Tower 22, Porto Arabia, The Pearl Island, Doha",1,2,101 sqm
HIGH-FLOOR 1BR | 2 BALCONIES | MARINA & SEA VIEWS,Apartment,"7,286 QAR/month","Tower 22, Porto Arabia, The Pearl Island, Doha",1,2,117 sqm
HIGH FLOOR UNIT| 1BR | MARINA VIEW | ALL INCLUSIVE,Apartment,"8,143 QAR/month","Tower 23, Porto Arabia, The Pearl Island, Doha",1,2,114 sqm
BILLS INCLUDED | COZY 2 BEDROOM FULLY FURNISHED,Apartment,"9,000 QAR/month","East Porto Drive, Porto Arabia, The Pearl Island, Doha",2,2,130 sqm
COZY 1 BEDROOM | CITY VIEW | FULLY FURNISHED,Apartment,"7,500 QAR/month","West Porto Drive, Porto Arabia, The Pearl Island, Doha",1,2,118 sqm
STUNNING 1BHK | BILLS INCLUDED |FULL BEACH VIEW,Apartment,"7,714 QAR/month","Tower 2, Viva Bahriyah, The Pearl Island, Doha",1,2,95 sqm
BILLS AND INTERNET INCLUDED | AFFORDABLE 1 BEDROOM,Apartment,"5,750 QAR/month","West Bay Tower, West Bay, West Bay, Doha",1,2,100 sqm
UNFURNISHED 2 BHK NEAR SAFARI MALL AVAILABLE!!!,Apartment,"5,250 QAR/month","Barwa Commercial Avenue, Umm Al Seneem, Doha",2,2,101 sqm
Luxurious Furnished 1BHK Viva Bahriya|12K Incl.,Apartment,"12,000 QAR/month","Viva East, Viva Bahriyah, The Pearl Island, Doha",1,2,130 sqm
Brand New 2BHK | Semi & Fully Furnished | Al Nasr,Apartment,"5,800 QAR/month","Al Nasr Street, Al Nasr, Doha",2,2,120 sqm
BRAND NEW | 2 BEDROOMS | FULLY FURNISHED,Apartment,"8,500 QAR/month","Boulevard View, Yasmeen City, Lusail",2,3,139 sqm
2 BHK | Fully Furnished | For Rent!,Apartment,"6,000 QAR/month","Al Sadd Road, Al Sadd, Doha",2,2,120 sqm
LUXURY FF 2BHK APARTMENT | BILLS EXCLUDED | LUSAIL,Apartment,"8,500 QAR/month","D22, Fox Hills, Lusail",2,2,157 sqm
STYLISH CITY LIVING | 1-BEDROOM | ALL-INCLUSIVE,Apartment,"10,500 QAR/month","West Bay Tower, West Bay, West Bay, Doha",1,2,90 sqm
LUXURIOUS | 3 BEDROOMS | WITH BEACH ACCESS,Apartment,"15,000 QAR/month","West Bay Tower, West Bay, West Bay, Doha",3,4,170 sqm
No Commission Best Price FF 1BHK Bills Included,Apartment,"6,323 QAR/month","Nora Park Residence, Fereej Bin Mahmoud South, Fereej Bin Mahmoud, Doha",1,2,100 sqm
LANDLORD DIRECT | 2BR Flat at Yvillage 2,Compound,"11,077 QAR/month","Y Village 2, Al Messila, Doha",2,2,152 sqm
LUXURIOUS 1BR FF Flat in Y Village 2,Apartment,"9,000 QAR/month","Y Village 2, Al Messila, Doha",1,1,120 sqm
BEAUTIFUL 1 BR APT- BILLS INCLUDED! NO AGENCY FEE!,Apartment,"9,045 QAR/month","Bilal Pearl Suites, Viva Bahriyah, The Pearl Island, Doha",1,2,110 sqm
"EXCLUSIVE 1 BHK, THE PEARL- NO AGENCY FEE- OFFER!!",Apartment,"9,045 QAR/month","Bilal Pearl Suites, Viva Bahriyah, The Pearl Island, Doha",1,2,110 sqm
OFFER!EXCLUSIVE 2 BR APT. SEA VIEW!NO AGENCY FEE!!,Apartment,"13,065 QAR/month","Bilal Pearl Suites, Viva Bahriyah, The Pearl Island, Doha",2,3,165 sqm
Sea View | Vintage-Chic Modern Style | Luxurious,Apartment,"16,500 QAR/month","Al Mutahidah Tower, Viva Bahriyah, The Pearl Island, Doha",2,3,229 sqm
NO COMMISSION | 2 BR Fully Furnished E&W Inlcuded,Apartment,"5,500 QAR/month","Al Sadd Road, Al Sadd, Doha",2,2,90 sqm
Brand New Unfurnished 1 BHK Apartment in Al Murra,Apartment,"3,500 QAR/month","Al Murrah, Al Rayyan, Doha",1,1,65 sqm
NEWLY RENNOVATED | 2 BEDROOMS | SPACIOUS BALCONY,Apartment,"10,000 QAR/month","West Bay Tower, West Bay, West Bay, Doha",2,3,180 sqm
New Apartment -  Unfurnished 2 BHK- Al Rayyan area,Apartment,"4,800 QAR/month","Al Murrah, Al Rayyan, Doha",2,2,120 sqm
NO COMMISSION LUXURY 1BHK BILLS INCL WITH POOL GYM,Apartment,"4,700 QAR/month","Banks street, Musheireb, Doha",1,2,60 sqm
2BR+1 DUPLEX in FJ9 Residential Tower,Apartment,"25,000 QAR/month","FJ9 Residential Tower, Marina District, Lusail",2,2,275 sqm
EXCLUSIVE | 2 BEDROOMS | SEMI FURNISHED | VB,Apartment,"10,345 QAR/month","Viva West, Viva Bahriyah, The Pearl Island, Doha",2,3,178 sqm
1 BEDROOM | SEMI FURNISHED | PRIME LOCATION,Apartment,"7,117 QAR/month","Viva West, Viva Bahriyah, The Pearl Island, Doha",1,2,110 sqm
STYLISH | 1 BEDROOM | FULLY FURNISHED,Apartment,"7,286 QAR/month","Lusail Residence, Marina District, Lusail",1,2,83 sqm
Modern & Elegant Furnished 2BHK Apartment |Al Sadd,Apartment,"5,540 QAR/month","Al Sadd Road, Al Sadd, Doha",2,3,130 sqm
BILLS INCLUDED | CLASSY 2 BEDROOM WITH MAIDS ROOM,Apartment,"9,560 QAR/month","Floresta Gardens, Floresta Gardens, The Pearl Island, Doha",2,3,137 sqm
LANDLORD DIRECT | 1BR Unfurnished Villa,Compound,"8,500 QAR/month","Legtaifiya Lagoon, West Bay, Doha",1,1,125 sqm
NO COMMISSION | 1 BR DUPLEX | BRAND NEW UNITS,Apartment,"11,000 QAR/month","FJ9 Residential Tower, Marina District, Lusail",1,1,97 sqm
LANDLORD DIRECT | SEA VIEW | BRAND NEW UNITS,Apartment,"14,000 QAR/month","FJ9 Residential Tower, Marina District, Lusail",2,2,150 sqm
LANDLORD DIRECT | Premium 2BR+Maid | Marina Lusail,Apartment,"13,000 QAR/month","FJ8 Residential Tower, Marina District, Lusail",2,2,132 sqm
Furnished Studio | Month Free| Qatar Cool Included,Apartment,"7,500 QAR/month","Tower 26, Viva Bahriyah, The Pearl Island, Doha",studio,1,59 sqm
1-BDR | Balcony | Qatar Cool Included | Month Free,Apartment,"9,500 QAR/month","Tower 19, Viva Bahriyah, The Pearl Island, Doha",1,2,97 sqm
Maid Room | One Month Free | Utilities Included,Apartment,"16,000 QAR/month","Floresta Gardens, Floresta Gardens, The Pearl Island, Doha",2,3,174 sqm
1 Month Free | Qatar Cool Included | 1 Bedroom,Apartment,"7,500 QAR/month","Regency Pearl 2, Regency Pearl 2, The Pearl Island, Doha",1,2,89 sqm
Qatar Cool Included | Fully-Furnished Studio,Apartment,"6,000 QAR/month","Regency Pearl 2, Regency Pearl 2, The Pearl Island, Doha",studio,1,59 sqm
NO COMMISSION | 2BR FF GF & 1st Floor | Y Village,Compound,"9,000 QAR/month","Y Village, Abu Sidra, Al Rayyan, Doha",2,2,154 sqm
1 Bedroom | Furnished | Included bills | For Rent,Apartment,"3,800 QAR/month","Umm Ghwailina Comm, Umm Ghuwalina, Umm Ghuwailina, Doha",1,1,91 sqm
NO COMMISSION | 1BR Furnished Villa in Y Village 1,Compound,"5,000 QAR/month","Y Village, Abu Sidra, Al Rayyan, Doha",1,1,75 sqm
NO COMMISSION | 2BR Furnished Flat in Y Village 1,Apartment,"8,000 QAR/month","Y Village, Abu Sidra, Al Rayyan, Doha",2,2,154 sqm
NO COMMISSION 2BR Western-Contemporary | Corniche,Apartment,"8,000 QAR/month","FJ Building 5, Umm Ghuwailina, Doha",2,2,133 sqm
LANDLORD DIRECT | NEW TOWER | UTILITIES INCLUDED,Apartment,"14,000 QAR/month","FJ9 Residential Tower, Marina District, Lusail",2,2,150 sqm
LANDLORD DIRECT | MODERN 4MBR+1 FF Villa Type,Villa,"14,880 QAR/month","Salwa Road, Al Aziziyah, Doha",4,5,363 sqm
2 Bedrooms | Al Sadd | Near Metro | For Rent!,Apartment,"6,000 QAR/month","Al Sadd Road, Al Sadd, Doha",2,2,120 sqm
LUXURY 2BHK + STORE | PREMIUM BUILDING | AL NASR,Apartment,"8,500 QAR/month","Al Nasr Street, Al Nasr, Doha",2,2,130 sqm
3 BEDROOM + M | THE PEARL | AMAZING SEA VIEW,Apartment,"15,000 QAR/month","Viva West, Viva Bahriyah, The Pearl Island, Doha",3,4,196 sqm
AFFORDABLE 1 BEDROOM | FULLY FURNISHED | LUSAIL,Apartment,"5,000 QAR/month","Milan, Fox Hills, Fox Hills, Lusail",1,2,109 sqm
STUNNING 2 BEDROOM FULLY FURNISHED APARTMENT,Apartment,"8,400 QAR/month","Giardino Apartments, The Pearl Island, Doha",2,2,120 sqm
NO COMMISSION | 2BR Fully Furnished 5-Star Bldg,Apartment,"8,000 QAR/month","FJ Building 7, Umm Ghuwailina, Doha",2,2,115 sqm
Premium 2 Bedrooms | Fully Furnished | Prime Area,Apartment,"8,000 QAR/month","Boulevard View, Yasmeen City, Lusail",2,3,198 sqm
NO COMMISSION | EXECUTIVE HOTEL APARTMENTS,Hotel Apartments,"6,500 QAR/month","Imperial Suites, Old Salata, Salata, Doha",1,2,105 sqm
4BDR + Maid | Semi Furnished | No Commission |,Villa,"12,000 QAR/month","Al Fardan Gardens 05, Al Waab, Doha",4,6,385 sqm
2BR Fully Furnished at Al Nasr INCLUDING KAHRMAA!,Apartment,"6,000 QAR/month","Al Nasr Street, Al Nasr, Doha",2,2,110 sqm
NO COMM | 2BR WITH POOL AND GYM W/ AMAZING OFFERS,Apartment,"6,500 QAR/month","Hiteen Street, Al Muntazah, Doha",2,3,120 sqm
STUNNING 2BHK FULLY FURNISHED APARTMENT FOR RENT,Apartment,"5,540 QAR/month","Al Sadd Road, Al Sadd, Doha",2,3,130 sqm
Brand New | 6BR Family Villa | Compound Living,Villa,"10,000 QAR/month","Al Kheesa, Al Kheesa, Umm Salal Mohammed",6,6,400 sqm
ELEGANT SF 2BHK APARTMENT INCLUDING BILLS | LUSAIL,Apartment,"8,250 QAR/month","D22, Fox Hills, Lusail",2,2,135 sqm
2BHK BILLS INCLUDED | NICE VIEW | AFFORDABLE PRICE,Apartment,"8,800 QAR/month","Marina Tower 21, Marina District, Lusail",2,3,121 sqm
BRAND NEW | 1 BEDROOM | PRIME LOCATION,Apartment,"5,500 QAR/month","Al Erkyah City, Lusail",1,2,60 sqm
___ 2BHK for rent in bin mahmoud with balcony ___,Apartment,"4,300 QAR/month","Fereej Bin Mahmoud North, Fereej Bin Mahmoud, Doha",2,2,80 sqm
MODERN | 2 BEDROOMS | SF | BILLS INCLUDED,Apartment,"10,345 QAR/month","Viva West, Viva Bahriyah, The Pearl Island, Doha",2,3,160 sqm
Spacious | Fully Furnished | 1BR | Umm Ghuwailina,Apartment,"4,000 QAR/month","Umm Ghwailina Comm, Umm Ghuwalina, Umm Ghuwailina, Doha",1,1,92 sqm
MOVE IN READY | SPACIOUS | 3 BEDROOMS,Apartment,"9,500 QAR/month","West Bay Tower, West Bay, West Bay, Doha",3,3,180 sqm
3+MAID | STORAGE | FULLY FURNISHED | ZIG ZAG TOWER,Apartment,"10,000 QAR/month","Zig Zag Tower B, Zig Zag Towers, West Bay, Doha",3,5,226 sqm
COZY 1BR | VIVA BAHRIYA | DIRECT BEACH ACCESS,Apartment,"7,117 QAR/month","Viva West, Viva Bahriyah, The Pearl Island, Doha",1,2,110 sqm
Newly Renovated Villa With Amazing Natural Light,Villa,"10,500 QAR/month","Al Nuaija Street, Al Hilal West, Al Hilal, Doha",5,3,350 sqm
4 BDR + Maid | SF | Special offer |Great Amenities,Villa,"12,000 QAR/month","Al Fardan Gardens 05, Al Waab, Doha",4,6,385 sqm
Spacious Fully Furnished 2-bedroom apartment.,Apartment,"11,000 QAR/month","Porto Arabia, The Pearl Island, Doha",2,3,120 sqm
Master Bedroom | One Month Free | Bills Included,Apartment,"13,000 QAR/month","Tower 12, Porto Arabia, The Pearl Island, Doha",1,2,107 sqm
MODERN | 3 BEDROOMS PLUS MAID ROOM |PRIME LOCATION,Apartment,"14,000 QAR/month","West Porto Drive, Porto Arabia, The Pearl Island, Doha",3,4,248 sqm
Spacious 2BR Fully Furnished Balcony Erkiya Lusail,Apartment,"6,000 QAR/month","Al Erkyah City, Lusail",2,2,141 sqm
UNFURNISHED 2 BEDROOMS NEAR SAFARI MALL FOR RENT!,Apartment,"5,250 QAR/month","Barwa Commercial Avenue, Umm Al Seneem, Doha",2,2,101 sqm
Prime Location Best Price UF 3BHK with Amenities,Apartment,"6,000 QAR/month","Indigo Residence, Fereej Bin Mahmoud South, Fereej Bin Mahmoud, Doha",3,3,121 sqm
1-Bedroom+Office Room | Month Free | Qatar Cool,Apartment,"11,000 QAR/month","Tower 19, Viva Bahriyah, The Pearl Island, Doha",1,2,142 sqm
Modern 2BHK + Store | Full Amenities | Al Nasr,Apartment,"8,500 QAR/month","Al Nasr Street, Al Nasr, Doha",2,3,130 sqm
Furnished One BR Apt I QC Incl I Kempinski Seaview,Apartment,"8,000 QAR/month","Carnaval, Qanat Quartier, The Pearl Island, Doha",1,2,90 sqm
Huge Balcony | Clean and Bright | Spacious 2 Beds,Apartment,"10,000 QAR/month","East Porto Drive, Porto Arabia, The Pearl Island, Doha",2,3,145 sqm
COZY 2 BR AT CORNICHE INC BILLS AVAILABLE!,Apartment,"6,500 QAR/month","Hotel 115, Old Salata, Salata, Doha",2,2,120 sqm
Spacious 2BR 1Month Free Huge Terrace Marina View,Apartment,"9,800 QAR/month","Al Kharaej 30, Lusail",2,2,145 sqm
Spacious Villa | Premium Amenities | Cozy Compound,Villa,"11,550 QAR/month","Al Waab Street, Al Waab, Doha",3,4,300 sqm
BRAND NEW STUDIO | NO COMMISSION | INCLUDING BILLS,Apartment,"2,500 QAR/month","Al Hanaa Street, Al Gharrafa, Doha",studio,1,40 sqm
Modern & Elegant 2BHK Furnished Apartment |AL Sadd,Apartment,"5,540 QAR/month","Al Sadd Road, Al Sadd, Doha",2,3,130 sqm
Luxurious 2 BHK in a Prime Location at The Pearl,Apartment,"10,000 QAR/month","Giardino Village, The Pearl Island, Doha",2,3,131 sqm
Stand Alone Villa 8 BHK for Executive Staff,Villa,"16,000 QAR/month","Souk Al gharaffa, Al Gharrafa, Doha",7+,7+,700 sqm
Luxury 1 Bedroom | Modern Elegance | Including Bil,Apartment,"4,800 QAR/month","Salaja Street, Doha Al Jadeed, Doha",1,2,85 sqm
NO COMMISSION | 2 BR Unfurnished | Al Sadd,Apartment,"5,077 QAR/month","Al Sadd Road, Al Sadd, Doha",2,2,94 sqm
4 BHK VILLA +MAIDS and DRIVER ROOM in Abu HAMOUR,Villa,"11,000 QAR/month","Bu Hamour Street, Abu Hamour, Doha",4,5,500 sqm
Furnished 1 Bedroom in Ein Khaled,Apartment,"4,000 QAR/month","Ain Khaled, Doha",1,1,42 sqm
"Spacious 2 bed flat, including bills & amenities",Compound,"8,000 QAR/month","Diamond Compound, Abu Hamour, Doha",2,2,160 sqm
"Spacious 3 bed flat, including bills & amenities",Compound,"8,100 QAR/month","Sapphire Compound, Abu Hamour, Doha",3,2,160 sqm
STUNNING 2BR DUPLEX WITH BREATHTAKING CITY VIEW,Townhouse,"15,643 QAR/month","Abraj Bay, Abraj Quartiers, The Pearl Island, Doha",2,3,210 sqm
2 BEDROOMS FULLY FURNISHED WITH SPACIOUS BALCONY,Apartment,"10,000 QAR/month","West Bay Tower, West Bay, West Bay, Doha",2,3,180 sqm
NEWLY RENOVATED 3 BEDROOMS FULLY FURNISHED WESTBAY,Apartment,"9,500 QAR/month","West Bay Tower, West Bay, West Bay, Doha",3,3,180 sqm
2 BEDROOMS | FULLY FURNISHED | EXCLUSIVE TOWER,Apartment,"8,500 QAR/month","West Bay Tower, West Bay, West Bay, Doha",2,3,150 sqm
Lavilla Suites 1BHK Furnished Room,Hotel Apartments,"3,750 QAR/month","Najma Street, Najma, Doha",1,1,50 sqm
Spacious 3 Bedroom + Maid Villa in Ain Khaled,Villa,"12,000 QAR/month","Ain Khaled Villas, Ain Khaled, Doha",3,5,450 sqm
BILLS INC Luxurious 2 bedrooms apartment in Marina,Apartment,"8,770 QAR/month","Lusail Marina Heights, Marina District, Lusail",2,3,130 sqm
Brand New | 4 Bedrooms  | Al Waab,Compound,"10,500 QAR/month","Al Waab Street, Al Waab, Doha",4,4,240 sqm
Semi furnished | studio | Included Bills,Apartment,"6,000 QAR/month","Viva East, Viva Bahriyah, The Pearl Island, Doha",studio,1,85 sqm
No Commission Best Price FF 2BHK Bills Included,Apartment,"5,400 QAR/month","Thabit Bin Zaid Street, Al Mansoura, Doha",2,2,130 sqm
Luxurious 1 bedroom apartment in Al corniche,Apartment,"6,250 QAR/month","Le mirage corniche, Ras Abu Aboud, Doha",1,2,80 sqm
Stand Alone 5BR with maid and private pool,Villa,"14,000 QAR/month","Sumaysimah, Sumaysimah, Al Khor",5,7+,420 sqm
Modern & Spacious Fully Furnished 2BHK | Al Sadd,Apartment,"5,540 QAR/month","Al Sadd Road, Al Sadd, Doha",2,3,130 sqm
BRAND NEW 1 BEDROOM | BILLS INCLUDED | BALCONY,Apartment,"7,000 QAR/month","Fox Hills A13, Fox Hills, Lusail",1,2,97 sqm
Modern 1BR in Umm Ghuwailina – Fully Furnished,Apartment,"4,000 QAR/month","Umm Ghwailina Comm, Umm Ghuwalina, Umm Ghuwailina, Doha",1,1,90 sqm
Fully Furnished | 2BHK+Maid | Commission Free,Apartment,"12,000 QAR/month","Mamsha Bay, Lusail",2,3,140 sqm
Affordable Furnished 1BHK izghawa,Villa,"2,600 QAR/month","Izghawa, Izghawa, Doha",1,1,85 sqm
3BR Bliss Residence | Serviced | Bills included,Apartment,"23,000 QAR/month","Banyan Tree Doha, Musheireb, Doha",3,4,260 sqm
PREMIUM & VERY SPACIOUS 5BHK APARTMENT NEAR LULU,Apartment,"10,000 QAR/month","Old Airport Road, Old Airport Road, Doha",5,5,200 sqm
"Spacious 2 bed flat, including bills & amenities",Compound,"7,800 QAR/month","Sapphire Compound, Abu Hamour, Doha",2,2,133 sqm
Gorgeous Beach Villa in the Heart of Doha,Compound,"21,500 QAR/month","West Bay Lagoon, West Bay Lagoon, Doha",5,6,467 sqm
Spacious 3 Bedroom in a beautiful Compound,Compound,"9,300 QAR/month","Cascade Compound, Abu Hamour, Doha",3,3,200 sqm
Luxury 3 Master Bedrooms + Maid | Full Sea View,Apartment,"13,000 QAR/month","Floresta Gardens, Floresta Gardens, The Pearl Island, Doha",3,5,181 sqm
COZY & ELEGANT APARTMENT IN A PRIME LOCATION lusa,Apartment,"6,000 QAR/month","Residential D5, Fox Hills South, Fox Hills, Lusail",1,2,100 sqm
Directly from the owner ! Including Bills !,Apartment,"8,750 QAR/month","Marina Residence 16, Marina District, Lusail",2,2,110 sqm
LUXURY 4BR TOWNHOUSE | HUGE TERRACE | MARINA VIEW,Townhouse,"20,000 QAR/month","Porto Arabia Townhouses, Porto Arabia, The Pearl Island, Doha",4,4,500 sqm
La Villa Inn,Hotel Apartments,"4,500 QAR/month","Najma Street, Najma, Doha",1,1,50 sqm
SUPER SPACIOUS BRAND NEW 2BHK FURNISHED NEAR LULU,Apartment,"5,500 QAR/month","Old Airport Road, Old Airport Road, Doha",2,2,150 sqm
Furnished apartment for rent in Lusail,Apartment,"5,000 QAR/month","Florence, Fox Hills, Fox Hills, Lusail",1,2,82 sqm
3BHK Villa | Commission Free | 1 Month Free,Villa,"15,554 QAR/month","Al Waab Street, Al Waab, Doha",3,4,406 sqm
Exquisite 3BHK Villa | No Commission | 1Month Free,Villa,"15,554 QAR/month","La Verna Compound, Muraikh, AlMuraikh, Doha",3,4,406 sqm
Stylish 2BHK | No Commission | 2 Months Free,Compound,"9,086 QAR/month","La Verna Compound, Muraikh, AlMuraikh, Doha",2,3,135 sqm
7 Bedroom Stand Alone Villa | Only Qatari,Villa,"12,000 QAR/month","Al Luqta, Al Luqta, Doha",7,5,650 sqm
Staff Accommodation Rooms for Rent - NO COMISSION,Compound,"2,425 QAR/month","Umm Salal Mahammad, Umm Salal City, Doha",1,1,24 sqm
Standard 1-Bedroom No Commission | 2 months free,Apartment,"7,714 QAR/month","Le Mirage City Walk, Fereej Bin Mahmoud South, Fereej Bin Mahmoud, Doha",1,2,85 sqm
Brand New Luxury 2BHK | Beach Access | The Pearl,Apartment,"15,500 QAR/month","La Plage South, La Plage, The Pearl Island, Doha",2,3,160 sqm
Residential apartments-Brand New- bills included,Apartment,"3,500 QAR/month","West Bay Lagoon Street, West Bay Lagoon, Doha",studio,1,50 sqm
One Plus Maid | Semi-Furnished | Al Waab,Compound,"11,025 QAR/month","Al Waab Street, Al Waab, Doha",3,4,250 sqm
Luxury 3BR + Maid & Duplex 3BR | Al Nasr| For Rent,Apartment,"10,500 QAR/month","Al Nasr Street, Al Nasr, Doha",3,4,150 sqm
"1 MONTH FREE |SPACIOUS 2BHK NEAR RAWNAQ, BINOMRAN",Apartment,"4,300 QAR/month","Bin Omran 35, Fereej Bin Omran, Doha",2,2,135 sqm
No Commission | All-Inclusive 2 BR | Furnished,Apartment,"8,000 QAR/month","Giardino Apartments, The Pearl Island, Doha",2,3,110 sqm
FF/semi Furnished studio in Al Khartiyat Area,Apartment,"3,000 QAR/month","Al Kharaitiyat, Al Kharaitiyat, Al Kharaitiyat, Umm Salal Mohammed",studio,1,25 sqm
furnished 1BHK Apartment in Freej Bin Mahmoud,Apartment,"4,500 QAR/month","Fereej Bin Mahmoud, Doha",1,1,60 sqm
1 MONTH FREE | 2BHK FURNISHED IN PRIME LOCATION,Apartment,"4,000 QAR/month","Hiteen Street, Al Muntazah, Doha",2,2,110 sqm
Spacouis 1BR | Marina View | Furnished,Apartment,"10,000 QAR/month","Porto Arabia, The Pearl Island, Doha",1,2,100 sqm
SPACIOUS BRAND NEW TWO BHK APARTMENT AL KHOR,Apartment,"4,800 QAR/month","Al Khor Community, Al Khor",2,2,150 sqm
FURNISHED 2BHK IN COMPOUND WITH BACKYARD-FREE BILL,Compound,"5,500 QAR/month","Muaither Area, Al Rayyan, Doha",2,2,30 sqm
FURNISHED 1BHK -COMPOUND-INCLUDING BILLS-MUAITHER,Compound,"3,500 QAR/month","Muaither Area, Al Rayyan, Doha",1,1,10 sqm
Hotel Room In Front of Musheireb Metro Station,Apartment,"4,500 QAR/month","Musheireb, Musheireb, Doha",studio,1,33 sqm
FF Studios and 1BR Near Dafna Towers West bay area,Apartment,"3,750 QAR/month","Omar Al Mukhtar Street, Diplomatic Area, Doha",studio,1,35 sqm
All Bills Free I No Commission I Luxury hotel apartment 1BHK,Apartment,"5,300 QAR/month","OqbaBin Nafie Steet, Old Airport Road, Doha",1,2,100 sqm
All Bills Free I 1BHK Room,Hotel Apartments,"5,300 QAR/month","Old Airport Residential Apartments, Old Airport Road, Doha",1,2,100 sqm
NO COMMISSION LUSAIL NEW FF 1BHK SHORT TERM DEAL,Apartment,"5,500 QAR/month","Al Erkyah City, Lusail",1,2,60 sqm
Spacious 2 Bedroom in Barwa with 2 Months FREE,Apartment,"6,250 QAR/month","Barwa City, Mesaimeer, Doha",2,3,120 sqm
Furnished studio for rent in Lusail,Apartment,"4,000 QAR/month","Piazza 1, La Piazza, Fox Hills, Lusail",studio,1,70 sqm
1 BHK Apartment for Rent in Dafna           b,Apartment,"4,000 QAR/month","Al Jazi Gardens 1, Al Jazi Gardens, Al Dafna, Doha",1,1,110 sqm
Fully Furnished 1-BHK Bills Included-New Doha,Apartment,"4,500 QAR/month","Doha Al Jadeed, Doha",1,2,75 sqm
Studio with BIG Balcony Fully Furnished-The Pearl,Apartment,"6,000 QAR/month","West Porto Drive, Porto Arabia, The Pearl Island, Doha",studio,1,60 sqm
FULLY FURNISHED 3BHK FLAT IN AL SADD !!,Apartment,"7,500 QAR/month","Al Sadd, Al Sadd, Doha",3,3,300 sqm
Furnished 4 BDR Villa+Maids in Compound Ain Khalid,Villa,"15,000 QAR/month","Ain Khaled Villas, Ain Khaled, Doha",4,5,270 sqm
NO COMMISSION | 3Beds with Maid | Fully Furnished,Apartment,"14,250 QAR/month","Floresta Gardens, Floresta Gardens, The Pearl Island, Doha",3,5,180 sqm
NO COMMISSION| 2BR+Maid | Fully Frnshed | VB View,Apartment,"10,000 QAR/month","Floresta Gardens, Floresta Gardens, The Pearl Island, Doha",2,4,160 sqm
Best Price | 1 Bedroom | With Balcony Semi Furnish,Apartment,"7,000 QAR/month","East Porto Drive, Porto Arabia, The Pearl Island, Doha",1,2,110 sqm
Brand new Luxury Apartments - Freej Kulaib,Apartment,"7,000 QAR/month","Fereej Kulaib, Doha",3,3,140 sqm
Furnished 4 BDR Villa+Maids in Compound Ain Khalid,Apartment,"15,000 QAR/month","Ain Khalid Gate, Ain Khaled, Doha",4,5,270 sqm
3BR Apartment Sea View | Dareen Tower | West Bay,Apartment,"10,800 QAR/month","Dareen Tower, West Bay, West Bay, Doha",3,4,183 sqm
Furnished 3 BHK Apartments + Month FREE- Muntazah,Apartment,"6,500 QAR/month","Al Muntazah Street, Al Muntazah, Doha",3,3,135 sqm
Sea View One-Bedroom Suite - 5* Hotel - FF,Hotel Apartments,"12,000 QAR/month","Agora Autograph Collection, Lusail City, Lusail",1,2,85 sqm
Deluxe 1-Bedroom Suite - 5* Hotel - FF,Hotel Apartments,"10,500 QAR/month","Agora Autograph Collection, Lusail City, Lusail",1,2,85 sqm
Luxury Furnished 1Bedroom Apartment Full Amenities,Apartment,"4,700 QAR/month","Doha Al Jadeed, Doha",1,2,75 sqm
Brand New Studio /Fully Furnished / Salwa Road,Apartment,"4,200 QAR/month","Salwa Road, Al Aziziyah, Doha",studio,1,55 sqm
Luxurious 1 Bedroom Apartment Souq Waqif,Hotel Apartments,"5,500 QAR/month","Old Al Ghanim, Al Ghanim, Doha",1,2,55 sqm
2 BEDS APARTMENT - NO COMMISSON - 2 MONTHS FREE,Apartment,"9,429 QAR/month","Floresta Gardens, Floresta Gardens, The Pearl Island, Doha",2,3,120 sqm
AFFORDABLE 1-BEDROOM | ALL BILLS INCLUDED,Apartment,"2,500 QAR/month","Umm Salal Ali, Umm Salal Ali, Doha",1,1,62 sqm
Luxury1BR Partial Sea View | No commission,Hotel Apartments,"9,000 QAR/month","Lusail Residence, Marina District, Lusail",1,1,95 sqm
MODERN 2BHK + 1 APARTMENT FOR RENT IN GEWAN ISLAND,Apartment,"12,000 QAR/month","Crystal Residence, Gewan Island, The Pearl Island, Doha",2,4,153 sqm
Fully Furnished 1BR Apartment near Sport City Road,Apartment,"4,500 QAR/month","Saeed Ibn Jubair, Al Aziziyah, Doha",1,1,65 sqm
Studio with Amazing View-Bills Included-The Pearl,Apartment,"7,000 QAR/month","Viva Central, Viva Bahriyah, The Pearl Island, Doha",studio,1,52 sqm
Fully furnished Studio in Al-Dafna!! For rent,Apartment,"3,000 QAR/month","Al Dafna, Al Dafna, Doha",studio,1,90 sqm
"Elegant Fully Furnished 2-BDR Giardino, The Pearl",Apartment,"8,500 QAR/month","Giardino Apartments, The Pearl Island, Doha",2,3,120 sqm
Best Price | Full Sea View | Well Furnished,Apartment,"14,000 QAR/month","Crystal Residence, Gewan Island, The Pearl Island, Doha",2,3,180 sqm
Enjoy 1 Year Lease and get 1 Month Free!,Villa,"22,500 QAR/month","Les Roses Compound 3, Al Waab, Doha",5,6,386 sqm
4 bed villa + maids quarter- 2 Years plus 2 Months,Villa,"15,999 QAR/month","Les Roses Compound 1, Al Waab, Doha",4,6,316 sqm
ONE-BEDROOM ROSEWOOD RESIDENCE | HOTEL BENEFITS,Hotel Apartments,"14,000 QAR/month","Rosewood Residences, Marina District, Lusail",1,2,81 sqm
THREE-BEDROOM ROSEWOOD RESIDENCE | HOTEL BENEFITS,Hotel Apartments,"32,000 QAR/month","Rosewood Residences, Marina District, Lusail",3,5,177 sqm
Brand new Luxury Apartments - Freej Kulaib,Apartment,"4,500 QAR/month","Fereej Kulaib, Doha",1,1,110 sqm
Brand New 2BHK FF Apartment W/2 Months Free!,Apartment,"6,429 QAR/month","Al Hitmi, Al Hitmi, Doha",2,3,120 sqm
SF - Two Bedoom an plus office room and balcony,Apartment,"10,750 QAR/month","Viva West, Viva Bahriyah, The Pearl Island, Doha",2,2,184 sqm
2 bedroom plus a balcony - Ready to move in Porto,Apartment,"10,850 QAR/month","East Porto Drive, Porto Arabia, The Pearl Island, Doha",2,2,180 sqm
NO COMMISSION | BRAND NEW AL NASR 2BHK FULLY FURNI,Apartment,"6,200 QAR/month","Al Nasr, Doha",2,2,90 sqm
3BR Villa | Al Jazi Gardens | West Bay,Villa,"18,000 QAR/month","Al Jazi Gardens 1, Al Jazi Gardens, Al Dafna, Doha",3,4,310 sqm
1BR Apartment | Al Saad | Prime Location,Apartment,"5,500 QAR/month","Al Sadd Tourist Apartments, Al Sadd, Doha",1,2,100 sqm
3BR Villa | Al Areen Gardens | Madinat Khalifa,Villa,"14,000 QAR/month","Al Areen Gardens, Madinat Khalifa North, Madinat Khalifa, Doha",3,4,250 sqm
Spacious 3-Bedroom Apartment for Rent in Najma,Apartment,"6,000 QAR/month","Najma Street, Najma, Doha",3,3,140 sqm
2 MONTHS FREE | LUXURY 2 BDR FURNISHED | POOL| GYM,Compound,"9,086 QAR/month","Al Waab Street, Al Waab, Doha",2,3,150 sqm
1 Bedroom Apartment | West Bay,Apartment,"6,500 QAR/month","Serdal Tower, Serdal Tower, West Bay, Doha",1,2,77 sqm
One Bedroom Apartment at Oaks Al Najada,Hotel Apartments,"9,500 QAR/month","Musheireb, Doha",1,1,51 sqm
Two Bedroom Apartment at Al Najada Oaks,Hotel Apartments,"11,500 QAR/month","Musheireb, Doha",2,2,91 sqm
OFFER - LUXYRY 4 BEDS VILLA IN ALFARDAN 5 -NO FEES,Villa,"12,000 QAR/month","Al Fardan Gardens 05, Al Waab, Doha",4,5,350 sqm
No Commission - Big Balcony - Low Floor - 1 Bdrm,Apartment,"7,000 QAR/month","East Porto Drive, Porto Arabia, The Pearl Island, Doha",1,2,120 sqm
2 Bedroom's Apartment In Muaither,Apartment,"3,500 QAR/month","Jeera Residential Compound, Muaither North, Muaither Area, Doha",2,2,100 sqm
Brand New Luxury Villa | Cozy compound for Lease,Villa,"17,000 QAR/month","Al Soudan, Al Soudan, Doha",6,7,450 sqm
BILLS FREE | LUXURY 1 BHK | AL MANSOURA,Apartment,"3,600 QAR/month","Al Mansoura, Al Mansoura, Doha",1,1,80 sqm
ELEGANT 1BHK SF APT | FOR RENT | THE PEARL,Apartment,"7,000 QAR/month","Gondola, Qanat Quartier, The Pearl Island, Doha",1,2,80 sqm
SPACIOUS BRAND NEW 2BHK + MAID FF | MARINA LUSAIL,Apartment,"11,000 QAR/month","Lusail Residence, Marina District, Lusail",2,4,165 sqm
2BR Apartment | Dareen Tower | West Bay,Apartment,"9,800 QAR/month","Dareen Tower, West Bay, West Bay, Doha",2,1,203 sqm
1BR Premiere Apartments | Beach Access,Apartment,"10,800 QAR/month","Kempinski Residences and Suites, West Bay, Doha",1,2,98 sqm
2BR Premiere Apartments | Beach Access,Apartment,"14,500 QAR/month","Kempinski Residences and Suites, West Bay, Doha",2,3,167 sqm
Your Dream 1BHK in Abraj INN Royal 3,Apartment,"5,300 QAR/month","Muntazah Commercial Complex, Najma, Doha",1,2,100 sqm
"CORPORATE RATE* 14,400 QAR FOR SELECTED COMPANIES",Compound,"15,323 QAR/month","Aspire Tower, Al Waab, Al Waab, Doha",3,4,406 sqm
BEST CORPORATE DEAL |  stuff acc | 6x4 & 4x4,Whole Building,599 QAR/month,"Industrial Area, Industrial Area, Doha",1,1,24 sqm
FF Studio – Viva Bahriya The Pearl  Sea View,Apartment,"5,077 QAR/month","Viva West, Viva Bahriyah, The Pearl Island, Doha",studio,1,65 sqm
Limited - 2 Bedroom 5 STAR Hotel No commission,Apartment,"12,500 QAR/month","Element City Center, Bulmasan Street, West Bay, Doha",2,3,121 sqm
1 Bedroom Apartment - King City view -5 Star Hotel,Hotel Apartments,"10,500 QAR/month","Element City Center, Bulmasan Street, West Bay, Doha",1,2,100 sqm
AFFORDABLE 3-BEDROOM | SPACIOUS | SEMI-FURNISHED,Apartment,"6,000 QAR/month","Najma Street, Najma, Doha",3,3,130 sqm
FULLY FURNISHED 2 MASTER-BHK  APARTMENT THE PEARL,Apartment,"9,000 QAR/month","Giardino Apartments, The Pearl Island, Doha",2,3,90 sqm
5BR Villa | Al Jazi Village II | Family Compound,Villa,"15,000 QAR/month","Al Jazi Village II, Al Jazi Village, Al Gharrafa, Doha",5,6,303 sqm
Beautiful Studio | Bills Included | No Commission,Apartment,"2,500 QAR/month","Muaither Area, Al Rayyan, Doha",studio,1,60 sqm
Fully Furnished Brand New Studios - AL GHARAFA,Villa,"2,700 QAR/month","Al Gharrafa, Al Gharrafa, Doha",studio,1,150 sqm
hotel apartments located in Al Muntazah.,Hotel Apartments,"5,250 QAR/month","Rawdat Al Khail, Rawdat Al Khail, Doha",1,2,70 sqm
Luxurious Fully Furnished 2BHK Flat at Lusail,Apartment,"10,000 QAR/month","Lusail Marina Heights, Marina District, Lusail",2,3,100 sqm
2 BHK Flat For Rent in Muaither Near Saudia Hyper,Apartment,"4,250 QAR/month","Muaither Area, Al Rayyan, Doha",2,2,130 sqm
Spacious Fully Furnished 1BHK -Al Mirqab Al Jadeed,Apartment,"6,500 QAR/month","Bin Al Sheikh Towers, Al Mirqab Al Jadeed, Doha",1,2,105 sqm
NO COMMISSION BRAND NEW 2 BHK IN ALKHOR,Apartment,"4,800 QAR/month","Al Khor Community, Al Khor",2,2,148 sqm
Luxurious Fully Furnished 2BHK Flat at Lusail,Apartment,"6,500 QAR/month","Al Erkyah City, Lusail",2,3,136 sqm
Fully Furnished 3-Bedroom Compound Apartment !!,Apartment,"7,000 QAR/month","Al Nasr Street, Al Nasr, Doha",3,3,115 sqm
Furnished Studio in Al Skhama – No commission,Apartment,"2,500 QAR/month","Al Sakhama, Doha",studio,1,40 sqm
FULLY FURNISHED 2-BHK THE PEARL | PLAYGROUND VIEW,Apartment,"8,500 QAR/month","Giardino Apartments, The Pearl Island, Doha",2,3,90 sqm
F/FURNISHED /NOCOMMISSION+Q-COOL/Promo,Apartment,"9,500 QAR/month","The Residence Tower, Diplomatic Street, West Bay, Doha",2,3,147 sqm
FULLY FURNISHED / NO COMMISSION/+PROMO,Apartment,"7,500 QAR/month","AL Maha Residential Complex, New Al Hitmi, Fereej Bin Omran, Doha",2,3,120 sqm
Fully Furnished | Commission-Free,Apartment,"7,988 QAR/month","The Eight Downtown, Al Sadd, Doha",2,3,117 sqm
FF 2BHK ! All Inclusive ! Short and Long Term,Apartment,"5,000 QAR/month","Al Wakra, Al Wakra, Al Wakrah, Al Wakra",2,2,120 sqm
FF 4BHK ! All Inclusive ! Short and Long Term,Villa,"10,500 QAR/month","Old Airport Road, Old Airport Road, Doha",4,3,550 sqm
STUNNING 5-BEDROOM VILLA | 1 MONTH FREE,Villa,"15,000 QAR/month","Mirage Villas, Al Waab, Al Waab, Doha",5,5,350 sqm
Great Deal 3BR Apartment w/ Pool&Gym/ No Commissio,Apartment,"9,000 QAR/month","Al Bedaiya Residential Compound, Al Rayyan, Doha",3,2,150 sqm
Studio near IKEA and DFC,Apartment,"2,850 QAR/month","Al Kharaitiyat, Al Kharaitiyat, Al Kharaitiyat, Umm Salal Mohammed",studio,1,25 sqm
SPACIOUS 5-BEDROOM VILLA | NEAR LANDMARK MALL,Villa,"14,000 QAR/month","Street 871, Al Duhail South, Al Duhail, Doha",5,4,350 sqm
Short / Long Term Fully furnished 2BHK all inclus,Apartment,"5,000 QAR/month","Old Airport Road, Doha",2,2,1 sqm
SPACIOUS 5-BHK WITH PRIVATE POOL | STUNNING VILLA,Villa,"15,000 QAR/month","Bu Hamour Street, Abu Hamour, Doha",5,5,349 sqm
2-BHK SERVICED APT | 1 MONTH FREE | NEAR METRO,Apartment,"6,500 QAR/month","Al Mansoura, Al Mansoura, Doha",2,2,78 sqm
STUNNING 2 BHK | 1 MONTH FREE | ALL BILLS INCLUDED,Apartment,"6,500 QAR/month","Mirage Residence 2, Al Mansoura, Doha",2,2,78 sqm
MODERN LIVING | ELEGANT 1 BHK | ALL BILLS INCLUDED,Apartment,"6,500 QAR/month","Al Erkyah City, Lusail",1,2,114 sqm
Modern 1BR Apartment | Prime Location | West Bay,Apartment,"8,000 QAR/month","West Bay, West Bay, Doha",1,2,110 sqm
2BHK Furnished | Bills Inc | 2Years Deal,Apartment,"6,400 QAR/month","Al Nasr Street, Al Nasr, Doha",2,3,95 sqm
Luxury 3BHK in Al Corniche Road First Tenant,Apartment,"7,750 QAR/month","Citadel Corniche 72, C-Ring, Doha",3,4,150 sqm
1BR | AMAZING LOCATION | FF | BILLS INC | GYM+POOL,Apartment,"5,000 QAR/month","Rawdat Al Khail, Rawdat Al Khail, Doha",1,1,90 sqm
Luxury finishing 2bhk well maintained SF PA,Apartment,"9,750 QAR/month","Tower 16, Porto Arabia, The Pearl Island, Doha",2,3,180 sqm
SF 2BHK | First Tenant | Corniche | 3 Months Free,Apartment,"6,166 QAR/month","Le mirage corniche, Ras Abu Aboud, Doha",2,3,110 sqm
3 Months FREE | 2 BHK | Corniche | BOOK NOW,Apartment,"6,888 QAR/month","Le mirage corniche, Ras Abu Aboud, Doha",2,3,115 sqm
Spacious Semi-Furnished Studio - in the Pearl,Apartment,"5,500 QAR/month","East Porto Drive, Porto Arabia, The Pearl Island, Doha",studio,1,60 sqm
Studio for Rent -FF-Bills Included-Porto Arabia,Apartment,"6,000 QAR/month","East Porto Drive, Porto Arabia, The Pearl Island, Doha",studio,1,60 sqm
New 2BHK FF + Maids Rm nr Corniche + 3months FREE!,Apartment,"6,667 QAR/month","Citadel Corniche 72, C-Ring, Doha",2,3,125 sqm
New 2BHK FF w/ Balcony nr Corniche + 3months FREE!,Apartment,"6,889 QAR/month","Citadel Corniche 72, C-Ring, Doha",2,3,125 sqm
"FF 2 BHK , PRIME LOCATION, NO COMMISSION",Apartment,"5,750 QAR/month","Anas Street, Fereej Bin Mahmoud North, Fereej Bin Mahmoud, Doha",2,2,110 sqm
Brand new 6 Bedroom Villa for Rent in Al Kheesa,Compound,"9,500 QAR/month","Al Kheesa, Al Kheesa, Umm Salal Mohammed",6,6,400 sqm
Flat FF​ 2BHK+1month​ free in Corniche Doha,Apartment,"6,923 QAR/month","Citadel Corniche 72, C-Ring, Doha",2,3,130 sqm
FURNISHED STUDIO FLAT IN OLD SALATA NEAR CORNICHE,Apartment,"2,900 QAR/month","Old Salata, Salata, Doha",studio,1,30 sqm
2BD + maid’s room | Bills Included | No commission,Apartment,"11,000 QAR/month","Le Mirage Icon, Fereej Bin Mahmoud, Doha",2,4,120 sqm
SPACIOUS | FREE WIFI | NO COMMISSION | NEAR METRO,Apartment,"4,500 QAR/month","Najma Street, Najma, Doha",2,2,80 sqm
1BHK penthouse near Metro Link-NO COMMISSION,Apartment,"3,200 QAR/month","Old Airport Road, Old Airport Road, Doha",1,1,60 sqm
2BHK in Al Kheesa – 5000qar - One month free,Apartment,"5,000 QAR/month","Al Kheesa, Umm Salal Mohammed",2,2,80 sqm
BRAND NEW  | UTILITIES INCLUDED I No Agency Fees,Apartment,"7,500 QAR/month","Fox Hills, Lusail",1,1,98 sqm
Conveniently Located Furnished 2BHK Flat,Apartment,"4,450 QAR/month","EB09, Umm Ghuwailina, Doha",2,2,90 sqm
Cozy FF 1 Bedroom + Office/ Qatar Cool Included,Apartment,"9,000 QAR/month","Tower 15, Porto Arabia, The Pearl Island, Doha",1,2,120 sqm
Monthly Rates in Hotel Room inside a 5 Star Resort,Hotel Apartments,"5,500 QAR/month","Salwa Road, Doha",1,1,45 sqm
1BR Villa Upper Floor inside a 5 Star Resort,Hotel Apartments,"7,500 QAR/month","Salwa Road, Doha",1,2,122 sqm
2 BD + Maid at Abraj Bay | Utilities Included!,Apartment,"13,923 QAR/month","Abraj Bay, Abraj Quartiers, The Pearl Island, Doha",2,3,165 sqm
One Bed Room For Rent - All Inclusive,Apartment,"5,000 QAR/month","New Doha, Doha",1,1,80 sqm
BRAND NEW 2BR- SEMI/UNFURNISH APARTMENT- ALNASR,Bulk Rent Units,"5,800 QAR/month","Al Nasr Street, Al Nasr, Doha",,2,100 sqm
Partial Sea View | FF | 1 Month free,Apartment,"14,296 QAR/month","Falcon Tower, Diplomatic Street, West Bay, Doha",3,2,247 sqm
1Bedroom + Office | 3Months free |,Apartment,"7,950 QAR/month","Floresta Gardens, Floresta Gardens, The Pearl Island, Doha",1,2,89 sqm
Luxury Apartment | 1 MONTHS FREE |,Apartment,"8,327 QAR/month","Falcon Tower, Diplomatic Street, West Bay, Doha",1,1,85 sqm
Fully Furnished | 2 MONTH FREE |,Apartment,"10,120 QAR/month","Floresta Gardens, Floresta Gardens, The Pearl Island, Doha",2,2,137 sqm
Skyline | NO COMM | 2 MONTH FREE |FULLY FURNISHED,Apartment,"18,429 QAR/month","Floresta Gardens, Floresta Gardens, The Pearl Island, Doha",3,4,195 sqm
NO COMM| 2BEDROOM | 2MONTH FREE | FULLY FURNISHED,Apartment,"12,571 QAR/month","Floresta Gardens, Floresta Gardens, The Pearl Island, Doha",2,3,147 sqm
BARAHA TOWN | ONE BED ROOM APARTMENT,Apartment,"6,500 QAR/month","Abu Hamour, Doha",1,1,91 sqm
Spacious Studio near Landmark Mall-NO COMMISSION,Apartment,"2,700 QAR/month","Al Duhail South, Al Duhail, Doha",studio,1,30 sqm
Furnished Studio near METRO STATION-NO COMMISSION,Apartment,"2,700 QAR/month","Al Azizia Street, Al Aziziyah, Doha",studio,1,30 sqm
Modern Comfort in Al Wakra: Fully Furnished 1BHK,Apartment,"2,800 QAR/month","Ezdan Villages North 1, Ezdan Village, Al Wakra",1,1,41 sqm
Elegant 2-Bedroom Apartment – Fully Equipped,Apartment,"3,600 QAR/month","Ezdan Villages South, Ezdan Village, Al Wakra",2,2,93 sqm
3 BHK – Fully Furnished – Family-Friendly Layout,Apartment,"4,450 QAR/month","Ezdan Villages North 1, Ezdan Village, Al Wakra",3,2,116 sqm
New Spacious Apt 1BR Semi Furnished /The Pearl,Apartment,"8,000 QAR/month","West Porto Drive, Porto Arabia, The Pearl Island, Doha",1,2,100 sqm
BARAHA TOWN | STUDIO | WITH BILLS,Apartment,"5,500 QAR/month","Abu Hamour, Doha",studio,1,41 sqm
Sea View | FF | 2 MONTH FREE|,Apartment,"10,040 QAR/month","Floresta Gardens, Floresta Gardens, The Pearl Island, Doha",2,2,137 sqm
1BHK Near Msheireb | Excellent New Building,Apartment,"3,750 QAR/month","Fereej Abdul Aziz, Fereej Abdul Aziz, Doha",1,2,50 sqm
BRAND NEW | SF | 2 MONTH FREE| BILLS INCLUDED,Apartment,"8,464 QAR/month","Floresta Gardens, Floresta Gardens, The Pearl Island, Doha",1,2,87 sqm
BRAND NEW PENTHOUSE| 1 MONTHS FREE,Apartment,"21,096 QAR/month","Floresta Gardens, Floresta Gardens, The Pearl Island, Doha",3,4,195 sqm
NO COMMISSION 2 BEDROOM  BILLS INCLUDED 2 MONTH FREE,Apartment,"22,019 QAR/month","Floresta Gardens, Floresta Gardens, The Pearl Island, Doha",3,4,195 sqm
NO COMMISSION | 2 MONTHS FREE | SEMI FURNISHED,Apartment,"10,000 QAR/month","Floresta Gardens, Floresta Gardens, The Pearl Island, Doha",2,3,118 sqm
SPACIOUS STUDIO IN HELAL BEHIND FINANCIAL SQUARE,Villa,"2,500 QAR/month","Financial Square, C-Ring, Doha",studio,1,40 sqm
NO COMM | FF | 2 MONTH FREE|,Apartment,"9,880 QAR/month","Floresta Gardens, Floresta Gardens, The Pearl Island, Doha",2,2,137 sqm
2 bedroom Close to the Hilton  Double Tree,Apartment,"6,000 QAR/month","Al Mana Residence, Al Kinana Street, Al Sadd, Doha",2,2,105 sqm
Modern FF 5BR Beach Front Villa + Private Pool,Villa,"41,000 QAR/month","Abraj Bay, Abraj Quartiers, The Pearl Island, Doha",5,5,630 sqm
Stunning 3 BR Townhouse Simplex + Private Pool!,Townhouse,"25,500 QAR/month","Abraj Bay, Abraj Quartiers, The Pearl Island, Doha",3,4,195 sqm
UF 2-BHK for family in Peaceful area-NO COMMISSION,Apartment,"3,700 QAR/month","Muaither Area, Al Rayyan, Doha",2,1,80 sqm
1BR + Office at Abraj Bay | Utilities Included!,Apartment,"11,500 QAR/month","Abraj Bay, Abraj Quartiers, The Pearl Island, Doha",1,2,132 sqm
3 BHK – Fully Furnished – Airy Living Spaces,Apartment,"4,900 QAR/month","Ezdan Villages North 1, Ezdan Village, Al Wakra",3,2,118 sqm
3 BHK – Fully Furnished – Contemporary Interiors,Apartment,"4,900 QAR/month","Ezdan Villages North 1, Ezdan Village, Al Wakra",3,2,116 sqm
3 BHK – Fully Furnished – Spacious Bedrooms,Apartment,"5,100 QAR/month","Ezdan Villages North 1, Ezdan Village, Al Wakra",3,2,115 sqm
3 BHK – Fully Furnished – Refined Bedrooms,Apartment,"4,450 QAR/month","Ezdan Villages North 1, Ezdan Village, Al Wakra",3,2,118 sqm
Brand New Furniture | Sea View | 1 Month free,Apartment,"8,327 QAR/month","Falcon Tower, Diplomatic Street, West Bay, Doha",1,1,89 sqm
Spacious 1-BHK Penthouse-Metro link-NO COMMISSION,Apartment,"3,500 QAR/month","Mamoura 18, Al Maamoura, Doha",1,1,40 sqm
Premium Fully Furnished Apartment in Baraha Town--,Apartment,"6,500 QAR/month","Abu Hamour, Doha",1,2,91 sqm
FF 1-Bhk near METRO STATION- ALL BILLS INCLUDED,Apartment,"4,000 QAR/month","Salaja Street, Doha Al Jadeed, Doha",1,2,60 sqm
"2 Beds Furnished w/ Pool,Gym -No commission",Apartment,"6,100 QAR/month","Les Roses Executive Apartments 3, Al Mansoura, Doha",2,2,200 sqm
3Beds-Fully Furnished w/Pool & Gym-No commission,Apartment,"7,100 QAR/month","Les Roses Executive Apartments 3, Al Mansoura, Doha",3,3,200 sqm
Fully furnished 3 bedroom flat with scenic view,Apartment,"18,000 QAR/month","Seef Lusail, Lusail City, Lusail",3,3,180 sqm
1 BR Apt! Al Jasra Residence | UTILITIES INCLUDED!,Apartment,"7,103 QAR/month","D22, Fox Hills, Lusail",1,2,106 sqm
Premium 1 BR! Al Jasra Residence | BILLS INCLUDED!,Apartment,"7,569 QAR/month","Marina Residence 15, Marina District, Lusail",1,2,90 sqm
Luxury 2BD + Laundry at Abraj Bay | Bills Included,Apartment,"13,429 QAR/month","Abraj Bay, Abraj Quartiers, The Pearl Island, Doha",2,3,165 sqm
1BR Apt at Abraj Bay Utilities Included | Act Now!,Apartment,"9,750 QAR/month","Abraj Bay, Abraj Quartiers, The Pearl Island, Doha",1,1,89 sqm
FF 2BR Townhouse - Simplex | Utilities Included!,Townhouse,"12,571 QAR/month","Abraj Bay, Abraj Quartiers, The Pearl Island, Doha",2,3,133 sqm
Elegant FF 5BR Beach Front Villa + Private Pool,Villa,"41,000 QAR/month","Abraj Bay, Abraj Quartiers, The Pearl Island, Doha",5,5,630 sqm
STUNNING 4 BEDROOMS DUPLEX WITH FULL MARINA VIEW,Townhouse,"16,500 QAR/month","Tower 4, Porto Arabia, The Pearl Island, Doha",4,3,300 sqm
1 MONTH FREE | SUPERB 1 BEDROOM | FULL MARINA VIEW,Townhouse,"8,000 QAR/month","Tower 6, Porto Arabia, The Pearl Island, Doha",1,2,130 sqm
NO COMMISSION | INCLUDING UTILITIES | 1 MONTH FREE,Apartment,"5,600 QAR/month","Fox Hills, Fox Hills, Lusail",1,2,84 sqm
"3BR Hall flat. C Ring Road, Behind Gulf Times",Apartment,"6,500 QAR/month","Dareem Street, Al Hilal East, Al Hilal, Doha",3,3,120 sqm
For Rent - Townhouse in The Pearl NO COMMISSION!,Townhouse,"17,000 QAR/month","The Pearl Island, Doha",4,3,320 sqm
LUXURY SERVICED APARTMENT-NO COMM - BILLS INCLUDED,Hotel Apartments,"11,000 QAR/month","Fraser Suites, Corniche Road, Doha",1,2,120 sqm
LUXURY SERVICED APARTMENT-NO COMM - BILLS INCLUDED,Hotel Apartments,"8,000 QAR/month","Fraser Suites, Corniche Road, Doha",studio,1,70 sqm
Spacious 3 Bedroom Compound Villa In Al Sakama,Compound,"7,500 QAR/month","Al Sakhama, Doha",3,4,250 sqm
"Les Roses 1 and 2 - Lease 24 Months, Enjoy 26!",Compound,"15,999 QAR/month","Les Roses Compound 1, Al Waab, Doha",4,6,316 sqm
3 BHK – Fully Furnished – Premium Amenities,Apartment,"4,900 QAR/month","Ezdan Villages North 1, Ezdan Village, Al Wakra",3,2,117 sqm
LUXURY SERVICED APARTMENT - NO COMM - ALL INCLUDED,Hotel Apartments,"9,000 QAR/month","Fraser Suites, Corniche Road, Doha",1,1,100 sqm
FULY - FURN | NO COMM | BRAND NEW | 2 MONTH FREE|,Apartment,"11,886 QAR/month","Floresta Gardens, The Pearl Island, Doha",2,3,118 sqm
LUXURY SERVICED APARTMENT AT OLD SALATA - NO COMM,Hotel Apartments,"11,000 QAR/month","Old Salata, Salata, Doha",1,2,120 sqm
Fully Furnished 2BR Unit with a Cozy Feel,Apartment,"3,400 QAR/month","Ezdan Villages South, Ezdan Village, Al Wakra",2,2,88 sqm
Furnished apartments with a Ramadan feel at Ezdan,Apartment,"7,400 QAR/month","Ezdan Villages North 2, Ezdan Village, Al Wakra",4,4,196 sqm
Family living with complete facilities in Ramadan,Apartment,"7,400 QAR/month","Ezdan Villages North 1, Ezdan Village, Al Wakra",4,4,193 sqm
Move-in-ready furnished apartments this Ramadan,Apartment,"7,400 QAR/month","Ezdan Villages North 2, Ezdan Village, Al Wakra",4,4,194 sqm
A calmer Ramadan in furnished Ezdan Villages,Apartment,"7,400 QAR/month","Ezdan Villages North 2, Ezdan Village, Al Wakra",4,3,195 sqm
Family living with complete facilities in Ramadan,Apartment,"6,700 QAR/month","Ezdan Villages North 2, Ezdan Village, Al Wakra",4,3,198 sqm
A calmer Ramadan in furnished Ezdan Villages,Apartment,"6,700 QAR/month","Ezdan Villages North 2, Ezdan Village, Al Wakra",4,3,194 sqm
Ezdan Villages | Families Gather This Ramadan,Apartment,"7,400 QAR/month","Ezdan Villages North 1, Ezdan Village, Al Wakra",4,3,194 sqm
Fully furnished apartments at Ezdan Villages North,Apartment,"7,400 QAR/month","Ezdan Villages North 1, Ezdan Village, Al Wakra",4,3,195 sqm
Ramadan Spirit at Ezdan | All-Inclusive Homes,Apartment,"2,800 QAR/month","Ezdan Villages North 1, Ezdan Village, Al Wakra",1,1,47 sqm
Ramadan in a ready-to-live home,Apartment,"2,800 QAR/month","Ezdan Villages North 1, Ezdan Village, Al Wakra",1,1,46 sqm
1 BHK – Fully Furnished – Airy Living Spaces,Apartment,"2,800 QAR/month","Ezdan Villages North 1, Ezdan Village, Al Wakra",1,1,44 sqm
Stylish 1BR Apartment | West Walk View | Furnished,Apartment,"7,000 QAR/month","West Walk, Al Waab, Doha",1,2,84 sqm
International Brand 1BHK Serviced Apartment,Apartment,"6,500 QAR/month","C-Ring, Doha",1,1,50 sqm
Your Comfortable 1-Bedroom Starts Here,Apartment,"2,700 QAR/month","Ezdan Villages North 2, Ezdan Village, Al Wakra",1,1,43 sqm
A 4-Bedroom Villa That Feels Like Home,Apartment,"6,550 QAR/month","Ezdan Villages South, Ezdan Village, Al Wakra",4,4,201 sqm
Designed for Family Life – 4 Bedrooms,Apartment,"6,550 QAR/month","Ezdan Villages South, Ezdan Village, Al Wakra",4,4,204 sqm
A Well-Planned 2-Bedroom Home in Al Wakrah,Apartment,"3,400 QAR/month","Ezdan Villages South, Ezdan Village, Al Wakra",2,2,87 sqm
A Practical 1-Bedroom Designed for Daily Comfort,Apartment,"2,700 QAR/month","Ezdan Villages South, Ezdan Village, Al Wakra",1,1,45 sqm
Everything Ready in a Stylish 1-Bedroom,Apartment,"2,700 QAR/month","Ezdan Villages South, Ezdan Village, Al Wakra",1,1,45 sqm
Ready-to-Move Furnished Apartment at Ezdan Oasis,Apartment,"3,650 QAR/month","Ezdan Oasis, Al Wukair, Al Wakra",1,1,81 sqm
Ready-to-Move Furnished Apartment at Ezdan Oasis,Apartment,"4,100 QAR/month","Ezdan Oasis, Al Wukair, Al Wakra",2,2,105 sqm
Furnished Two-Bedroom Apartment with Balcony,Apartment,"4,100 QAR/month","Ezdan Oasis, Al Wukair, Al Wakra",2,2,103 sqm
Modern 2-Bedroom Living Done Right,Apartment,"3,800 QAR/month","Ezdan Villages North 1, Ezdan Village, Al Wakra",2,2,94 sqm
Comfortable 3-Bedroom Living Space,Apartment,"5,100 QAR/month","Ezdan Villages North 1, Ezdan Village, Al Wakra",3,2,114 sqm
2 Bedrooms Designed Around Your Life,Apartment,"3,700 QAR/month","Ezdan Villages North 1, Ezdan Village, Al Wakra",2,2,92 sqm
Designed for Family Life – 3 Bedrooms,Apartment,"4,900 QAR/month","Ezdan Villages North 1, Ezdan Village, Al Wakra",3,2,116 sqm
Balanced Living in a 3-Bedroom Home,Apartment,"5,100 QAR/month","Ezdan Villages North 1, Ezdan Village, Al Wakra",3,2,114 sqm
Modern 2-Bedroom Living Done Right,Apartment,"3,650 QAR/month","Ezdan Villages North 1, Ezdan Village, Al Wakra",2,2,92 sqm
Hassle-Free Living in a Furnished 1-Bedroom,Apartment,"2,800 QAR/month","Ezdan Villages North 1, Ezdan Village, Al Wakra",1,1,42 sqm
Practical Living in a 4-Bedroom Villa,Apartment,"7,400 QAR/month","Ezdan Villages North 1, Ezdan Village, Al Wakra",4,3,156 sqm
"More Space, Better Living – 4 Bedrooms in Al Wakra",Apartment,"7,400 QAR/month","Ezdan Villages North 1, Ezdan Village, Al Wakra",4,3,154 sqm
new brand 2bhk for rent in umm qarn(1month free),Apartment,"4,200 QAR/month","Umm Qarn, Al Daayen",2,2,97 sqm
Spacious Villa For Rent With Good Price in Messila,Compound,"10,000 QAR/month","Al Messila, Al Messila, Doha",3,4,225 sqm
Limited Number of Units Available - 3BHK FF,Apartment,"8,500 QAR/month","Al Safwa Compound, Al Wukair, Al Wakra",3,3,180 sqm
Charming 1-Bedroom Fully Furnished Apartment,Apartment,"3,650 QAR/month","Ezdan Oasis, Al Wukair, Al Wakra",1,1,82 sqm
NO COMMISSION| BRAND NEW| 2 MONTHS FREE| FULLY FUR,Apartment,"11,971 QAR/month","The Pearl Island, Doha",2,3,118 sqm
LUXURY SERVICED APARTMENT-NO COMM - BILLS INCLUDED,Hotel Apartments,"9,000 QAR/month","Musheireb, Doha",1,1,100 sqm
Tala Res. | 1 BHK | 1 Months Free | No Commission,Apartment,"5,000 QAR/month","Tala Residence, Al Gharrafa, Doha",1,2,90 sqm
Golden Plaza | Studio | Prime Location,Apartment,"2,500 QAR/month","Gold Plaza, Abu Hamour, Doha",studio,1,60 sqm
NO COMMISSION| 2 MONTHS FREE| BRAND NEW,Apartment,"8,507 QAR/month","The Pearl Island, Doha",1,2,100 sqm
Furnished 2BHK | 3 Baths | 1 Month Free,Apartment,"6,500 QAR/month","Fereej Bin Mahmoud South, Fereej Bin Mahmoud, Doha",2,3,105 sqm
No Commission | FF 2BHK Apartment,Apartment,"5,000 QAR/month","Al Mansoura, Al Mansoura, Doha",2,2,120 sqm
Fully Furnished 2BHK Musheireb,Apartment,"4,800 QAR/month","Musheireb Tower, Musheireb, Musheireb, Doha",2,2,120 sqm
1 Bedroom FF All incl. No commission,Apartment,"9,171 QAR/month","Tower 14, Viva Bahriyah, The Pearl Island, Doha",1,1,127 sqm
2BR Luxury Apartment,Apartment,"12,000 QAR/month","Dusit Hotel & Suites Doha, Diplomatic Street, West Bay, Doha",2,3,166 sqm
Crazy Price Huge 1BDR include All Bills Balcony,Apartment,"2,900 QAR/month","Anas Street, Fereej Bin Mahmoud North, Fereej Bin Mahmoud, Doha",1,1,65 sqm
Beachfront Villa 1 bedroom All inc FF No commiss,Villa,"12,000 QAR/month","Tower 14, Viva Bahriyah, The Pearl Island, Doha",1,2,155 sqm
Hotel Suite with Kitchenette - Retaj Inn Al Wakrah,Apartment,"5,500 QAR/month","Al Wakrah, Al Wakra",1,1,75 sqm
Asas Twin Towers–The Ultimate Address in West Ba,Apartment,"9,000 QAR/month","Tower A, ASAS Twin Towers, West Bay, Doha",2,3,138 sqm
Unfurnished 3 bedroom apartment with parking,Apartment,"5,500 QAR/month","Al Muntazah, Doha",3,3,180 sqm
Brand New Luxury Studio | Beach Access | The Pearl,Apartment,"7,500 QAR/month","La Plage South, La Plage, The Pearl Island, Doha",studio,1,80 sqm
Fully Furnished 1-Bedroom Executive Apartment,Hotel Apartments,"11,500 QAR/month","West Bay, Doha",1,2,77 sqm
F F 2BR AT OLDAIRPORT WITH GRACE PERIOD,Apartment,"5,300 QAR/month","Old Airport Road, Old Airport Road, Doha",2,2,100 sqm
VB29 Studio - With Balcony,Apartment,"5,077 QAR/month","Tower 29, Viva Bahriyah, The Pearl Island, Doha",studio,1,62 sqm
Hotel Room King bed - Retaj Inn Al Wakrah,Apartment,"4,000 QAR/month","Al Wakrah, Al Wakra",1,1,40 sqm
Short Term Fully Furnished 2 BHK All Inclusive,Apartment,"4,300 QAR/month","Al Aziziyah, Al Aziziyah, Doha",2,2,90 sqm
Stunning brand new 4 bed villas,Compound,"20,500 QAR/month","Janayin Al Waab, Al Waab, Doha",4,6,480 sqm
Limited Offer | Brand New 1Br | SF | Balcony,Apartment,"7,000 QAR/month","Crystal Residence, Gewan Island, The Pearl Island, Doha",1,2,90 sqm
Limited Units!! 1Br | FF | Bills Inc | Balcony,Apartment,"6,600 QAR/month","Giardino Apartments, The Pearl Island, Doha",1,2,80 sqm
Fully Furnished 2+ Maid With Bills Included,Apartment,"10,040 QAR/month","Floresta Gardens, Floresta Gardens, The Pearl Island, Doha",2,3,140 sqm
Luxury 2 Bedrooms | Premium Furnishing | Sea View,Apartment,"10,250 QAR/month","Burj DAMAC Waterfront, Waterfront Residential, The Waterfront, Lusail",2,2,120 sqm
Limited 1Br Units !!! FF | Balconies | Sea View,Apartment,"7,847 QAR/month","Viva East, Viva Bahriyah, The Pearl Island, Doha",1,2,90 sqm
Last Units !!! 1 Br | SF | Balconies | Sea View,Apartment,"6,923 QAR/month","Viva West, Viva Bahriyah, The Pearl Island, Doha",1,2,89 sqm
Amazing Sea View 2 Bedroom Apartment for Rent,Apartment,"8,500 QAR/month","Viva West, Viva Bahriyah, The Pearl Island, Doha",2,3,142 sqm
PREMIUM 1-BR| NO COMM|BILLS DONE|BALCONY |SEA VIEW,Apartment,"9,750 QAR/month","Abraj Bay, Abraj Quartiers, The Pearl Island, Doha",1,1,100 sqm
DIRECT SEA VIEW 5 BRS VILLA + MAID BEACH ACCESS,Villa,"24,000 QAR/month","West Bay Lagoon Villas, West Bay Lagoon, West Bay Lagoon, Doha",5,7,460 sqm
MARINA VIEW/SPACIOUS AND FULLY FURNISHED 2 BHK,Apartment,"11,000 QAR/month","East Porto Drive, Porto Arabia, The Pearl Island, Doha",2,3,220 sqm
Sleek and Cozy Studio | High Floor Unit in Pearl,Apartment,"6,000 QAR/month","East Porto Drive, Porto Arabia, The Pearl Island, Doha",studio,1,60 sqm
Crystal Residence 1BHK Sea View Semi Furnished,Apartment,"8,500 QAR/month","Crystal Residence, Gewan Island, The Pearl Island, Doha",1,2,90 sqm
2 Bedrooms With Balcony. Marina View,Apartment,"9,500 QAR/month","West Porto Drive, Porto Arabia, The Pearl Island, Doha",2,3,173 sqm
All Bills Included | 3 + Maids room Apartment,Apartment,"13,500 QAR/month","Giardino Apartments, The Pearl Island, Doha",3,3,200 sqm
All Bills Included | Fully Furnished 1BR Apartment,Apartment,"7,000 QAR/month","Giardino Apartments, The Pearl Island, Doha",1,2,80 sqm
Luxury Furnished 3BR + Maid | West Bay | For Rent,Apartment,"14,000 QAR/month","West Bay Tower, West Bay, West Bay, Doha",3,4,130 sqm
NO COMM | BILLS FREE FOR 1 BDR | 1 MONTH FREE,Apartment,"7,338 QAR/month","Lusail Marina Heights, Marina District, Lusail",1,2,87 sqm
FREE MONTH! HUGE 1 BEDROOM | BRAND NEW+WIFI,Apartment,"8,769 QAR/month","La Plage South, La Plage, The Pearl Island, Doha",1,2,145 sqm
FREE MONTH! HUGE 1 BED | BALCONY | BRAND NEW+WIFI,Apartment,"8,308 QAR/month","La Plage South, La Plage, The Pearl Island, Doha",1,2,145 sqm
3+MAID | SEA VIEW | 3 BIG BALCONY | BILLS DONE,Apartment,"13,804 QAR/month","Floresta Gardens, Floresta Gardens, The Pearl Island, Doha",3,5,185 sqm
Hot Offer ! Fully Furnished 2+ Maid | BILLS DONE,Apartment,"9,560 QAR/month","Floresta Gardens, Floresta Gardens, The Pearl Island, Doha",2,4,140 sqm
Month Free | 3-BDR Villa | Maid’s Room,Compound,"16,850 QAR/month","Al Waab Street, Al Waab, Doha",3,3,300 sqm
